"cell","R","G","B","sum_rgb","green_ratio","excess_green","G_minus_R","G_minus_B"
13,122.776,117.608,102.983,343.367,0.342513986492587,9.45700000000001,-5.16799999999999,14.625
14,140.448,140.235,112.523,393.206,0.35664511731764,27.499,-0.212999999999994,27.712
15,122.1,112.192,106.389,340.681,0.329316868272666,-4.105,-9.908,5.803
16,114.891,111.685,105.354,331.93,0.336471545205314,3.125,-3.206,6.331
17,118.726,115.552,107.774,342.052,0.337819980587747,4.60400000000001,-3.17399999999999,7.77800000000001
18,131.983,118.806,116.812,367.601,0.323192809595186,-11.183,-13.177,1.994
20,134.74,131.122,122.407,388.269,0.337709165552748,5.09700000000002,-3.618,8.71500000000002
21,136.844,132.303,127.385,396.532,0.3336502476471,0.376999999999995,-4.541,4.91799999999999
24,135.598,135.544,122.947,394.089,0.343942611948062,12.543,-0.054000000000002,12.597
25,139.058,131.246,120.932,391.236,0.335465039004591,2.50200000000002,-7.81199999999998,10.314
26,125.305,120.983,107.807,354.095,0.341668196387975,8.854,-4.322,13.176
27,131.341,122.557,112.789,366.687,0.334227829184018,0.983999999999995,-8.78400000000001,9.768
29,138.012,133.602,122.047,393.661,0.339383378084189,7.14500000000001,-4.41,11.555
35,129.918,130.025,118.793,378.736,0.34331302015124,11.339,0.106999999999999,11.232
36,135.167,132.104,126.568,393.839,0.335426405206188,2.47300000000003,-3.06299999999999,5.53600000000002
39,129.94,123.321,115.066,368.327,0.334813901777497,1.636,-6.619,8.255
40,128.226,123.754,113.407,365.387,0.338692947477606,5.87500000000001,-4.47199999999999,10.347
41,145.877,142.401,128.348,416.626,0.341795759266104,10.577,-3.476,14.053
43,134.459,128.758,115.863,379.08,0.33965917484436,7.19400000000002,-5.70099999999999,12.895
46,120.363,116.245,108.887,345.495,0.336459283057642,3.24000000000001,-4.118,7.358
48,138.801,136.601,120.329,395.731,0.345186502952763,14.072,-2.19999999999999,16.272
49,145.584,147.179,124.174,416.937,0.35300057322809,24.6,1.595,23.005
51,135.3,127.87,115.514,378.684,0.33766940245693,4.926,-7.43000000000001,12.356
52,140.807,131.208,122.964,394.979,0.33218981262295,-1.35499999999999,-9.59899999999999,8.244
53,141.639,141.854,128.889,412.382,0.343986885945555,13.18,0.215000000000003,12.965
54,129.492,122.1,109.498,361.09,0.338142845274031,5.20999999999999,-7.392,12.602
57,163.17,162.073,139.59,464.833,0.348669307041454,21.386,-1.09699999999998,22.483
59,143.666,138.632,132.978,415.276,0.333830994326665,0.620000000000005,-5.03399999999999,5.654
60,120.718,106.875,101.847,329.44,0.324414157357941,-8.815,-13.843,5.02800000000001
61,124.867,119.941,106.082,350.89,0.341819373592864,8.93300000000001,-4.926,13.859
62,139.958,137.932,118.276,396.166,0.348167182443723,17.63,-2.02600000000001,19.656
63,155.015,144.79,122.728,422.533,0.342671459980641,11.837,-10.225,22.062
68,138.855,138.051,126.772,403.678,0.341982966621912,10.475,-0.804000000000002,11.279
69,128.072,125.157,120.303,373.532,0.335063662551,1.93899999999999,-2.91500000000001,4.854
70,168.325,160.227,147.821,476.373,0.336347777896732,4.30800000000002,-8.09799999999998,12.406
71,133.639,128.473,113.35,375.462,0.342173109395891,9.95700000000002,-5.166,15.123
72,134.433,134.272,123.998,392.703,0.341917428692931,10.113,-0.161000000000001,10.274
74,141.234,135.26,107.423,383.917,0.352315734911452,21.863,-5.97400000000002,27.837
75,146.603,136.606,127.03,410.239,0.33299125631644,-0.421000000000021,-9.99700000000001,9.57599999999999
76,140.987,135.378,115.761,392.126,0.345241070472246,14.008,-5.60900000000001,19.617
79,124.524,123.638,118.398,366.56,0.33729266695766,4.35400000000001,-0.885999999999996,5.24000000000001
80,153.018,152.618,133.427,439.063,0.34759931945985,18.791,-0.400000000000006,19.191
81,144.272,141.149,132.491,417.912,0.337748138364057,5.535,-3.12299999999999,8.65799999999999
83,138.292,142.526,118.52,399.338,0.356905678898577,28.24,4.23400000000001,24.006
84,153.336,146.168,136.779,436.283,0.33503024413053,2.221,-7.16800000000001,9.38900000000001
85,161.219,153.362,145.656,460.237,0.333223969389684,-0.15100000000001,-7.857,7.70599999999999
86,146.667,143.054,135.977,425.698,0.336045741347152,3.464,-3.613,7.077
90,145.717,131.184,125.521,402.422,0.325986153838508,-8.87000000000002,-14.533,5.663
91,136.723,136.975,123.236,396.934,0.34508255780558,13.991,0.251999999999981,13.739
92,147.09,143.979,118.862,409.931,0.351227401684674,22.006,-3.11099999999999,25.117
93,125.839,123.132,116.622,365.593,0.336800759314319,3.80300000000001,-2.70699999999999,6.51
94,124.057,123.339,111.08,358.476,0.344064874635959,11.541,-0.718000000000004,12.259
95,136.72,134.457,121.09,392.267,0.342769083302954,11.104,-2.26300000000001,13.367
96,140.441,137.961,117.67,396.072,0.348323032175968,17.811,-2.47999999999999,20.291
98,143.018,140.844,123.02,406.882,0.346154413318849,15.65,-2.17400000000001,17.824
102,151.849,151.397,138.588,441.834,0.342655839070782,12.357,-0.451999999999998,12.809
103,134.189,132.598,120.363,387.15,0.342497739894098,10.644,-1.59099999999998,12.235
105,129.603,119.285,110.561,359.449,0.331855144957977,-1.59400000000002,-10.318,8.72399999999999
106,113.341,110.871,92.974,317.186,0.349545692432831,15.427,-2.47,17.897
107,140.446,134.072,122.838,397.356,0.337410281963781,4.86000000000001,-6.374,11.234
108,148.349,135.149,116.793,400.291,0.337626876447385,5.15600000000001,-13.2,18.356
112,139.253,132.408,123.238,394.899,0.335295860460523,2.32499999999999,-6.845,9.16999999999999
113,145.733,142.115,126.332,414.18,0.343123762615288,12.165,-3.618,15.783
114,148.9,151.072,139.856,439.828,0.343479723892067,13.388,2.172,11.216
116,132.8,132.759,118.872,384.431,0.345338955495264,13.846,-0.0410000000000252,13.887
117,115.533,111.789,106.99,334.312,0.334385244920912,1.05500000000001,-3.744,4.79900000000001
118,132.918,125.679,114.22,372.817,0.337106408774278,4.22,-7.239,11.459
119,155.219,151.405,131.527,438.151,0.345554386501457,16.064,-3.81399999999999,19.878
120,140.914,131.211,114.466,386.591,0.33940521119219,7.04200000000004,-9.70299999999997,16.745
123,149.163,143.136,119.212,411.511,0.347830313162953,17.897,-6.02700000000002,23.924
124,140.053,133.52,127.137,400.71,0.333208554815203,-0.149999999999977,-6.53299999999999,6.38300000000001
125,144.587,137.914,124.899,407.4,0.338522336769759,6.34199999999998,-6.673,13.015
126,139.439,141.785,127.076,408.3,0.347256918932158,17.055,2.346,14.709
127,129.451,120.242,114.694,364.387,0.329984329847113,-3.66099999999999,-9.20899999999999,5.548
130,138.391,137.117,120.376,395.884,0.346356508472179,15.467,-1.274,16.741
134,120.642,118.251,109.944,348.837,0.338986403391842,5.91600000000001,-2.39099999999999,8.307
135,144.278,137.357,133.342,414.977,0.330999067418194,-2.90600000000001,-6.92099999999999,4.01499999999999
136,138.544,136.954,129.989,405.487,0.337751888469914,5.375,-1.59,6.965
138,143.376,143.292,127.731,414.399,0.345782687699536,15.477,-0.0840000000000032,15.561
139,132.269,127.988,123.537,383.794,0.333480981985127,0.169999999999987,-4.28100000000001,4.45099999999999
141,139.51,134.133,119.625,393.268,0.34107275445752,9.13100000000003,-5.37699999999998,14.508
142,126.879,120.174,116.83,363.883,0.330254504882064,-3.36099999999999,-6.705,3.34400000000001
146,130.778,121.296,121.075,373.149,0.325060498621194,-9.26099999999998,-9.48199999999999,0.221000000000004
147,134.056,128.859,118.636,381.551,0.3377241836609,5.02600000000001,-5.197,10.223
149,120.7,120.239,110.581,351.52,0.342054506144743,9.197,-0.460999999999999,9.658
151,145.202,143.689,127.065,415.956,0.345442787217879,15.111,-1.51300000000001,16.624
152,126.08,118.544,111.481,356.105,0.332890580025554,-0.472999999999999,-7.536,7.063
156,132.408,126.688,119.538,378.634,0.334592244753509,1.43000000000002,-5.71999999999998,7.15000000000001
157,135.514,131.814,120.215,387.543,0.340127418118764,7.89899999999997,-3.70000000000002,11.599
159,145.993,142.709,130.711,419.413,0.340258885633016,8.714,-3.28399999999999,11.998
160,119.795,104.564,96.32,320.679,0.32607061890551,-6.98700000000001,-15.231,8.244
162,123.867,114.61,104.563,343.04,0.334100979477612,0.789999999999992,-9.257,10.047
173,126.026,122.171,112.05,360.247,0.339131207199505,6.26600000000002,-3.85499999999999,10.121
174,129.423,128.084,114.122,371.629,0.344655557020577,12.623,-1.339,13.962
175,132.809,130.484,116.9,380.193,0.34320463554037,11.259,-2.32499999999999,13.584
178,113.143,112.434,99.902,325.479,0.345441641396219,11.823,-0.709000000000003,12.532
179,112.796,108.957,104.828,326.581,0.333629329324119,0.289999999999978,-3.83900000000001,4.12899999999999
180,124,109.415,108.298,341.713,0.320195602742652,-13.468,-14.585,1.117
183,124.053,122.474,116.051,362.578,0.337786627980738,4.84400000000001,-1.57899999999999,6.423
184,129.365,122.378,111.867,363.61,0.336563900882814,3.52399999999999,-6.98700000000001,10.511
185,132.282,119.48,97.131,348.893,0.342454563433488,9.547,-12.802,22.349
186,128.081,122.68,113.055,363.816,0.337203421509774,4.22400000000002,-5.40099999999998,9.625
190,116.382,104.685,102.037,323.104,0.32399784589482,-9.04900000000001,-11.697,2.648
192,123.749,120.392,106.072,350.213,0.34376793551353,10.963,-3.357,14.32
193,108.844,107.4,96.761,313.005,0.34312550917717,9.19500000000002,-1.44399999999999,10.639
194,129.419,128.255,116.118,373.792,0.343118632822532,10.973,-1.16400000000002,12.137
197,118.297,109.413,109.199,336.909,0.324755349367337,-8.67,-8.884,0.213999999999999
200,112.019,106.274,94.961,313.254,0.33925823772402,5.568,-5.745,11.313
203,115.545,119.344,102.685,337.574,0.353534336175179,20.458,3.79899999999999,16.659
204,108.577,110.755,94.998,314.33,0.352352623039481,17.935,2.178,15.757
205,116.267,110.923,100.244,327.434,0.338764453294404,5.33500000000001,-5.34399999999999,10.679
207,108.484,106.357,94.128,308.969,0.34423194559972,10.102,-2.127,12.229
208,114.352,110.454,102.367,327.173,0.337601207923637,4.18899999999998,-3.89800000000001,8.08699999999999
233,57.987,60.798,46.749,165.534,0.367284062488673,16.86,2.811,14.049
234,64.477,63.167,56.807,184.451,0.342459514993142,5.05,-1.31,6.36
235,65.009,61.88,52.222,179.111,0.345484085287894,6.529,-3.129,9.658
236,56.776,54.881,50.895,162.552,0.337621191987795,2.09099999999999,-1.895,3.986
237,65.697,56.167,57.378,179.242,0.313358476249986,-10.741,-9.53,-1.211
239,61.886,58.758,57.714,178.358,0.329438544948923,-2.084,-3.128,1.044
240,89.902,91.177,76.524,257.603,0.353943859349464,15.928,1.27500000000001,14.653
244,63.755,62.34,54.724,180.819,0.344764654156919,6.20100000000001,-1.415,7.61600000000001
245,74.741,74.103,60.561,209.405,0.35387407177479,12.904,-0.638000000000005,13.542
246,82.149,80.152,66.979,229.28,0.349581297976274,11.176,-1.997,13.173
248,68.701,63.445,62.298,194.444,0.326289317232725,-4.10899999999999,-5.25599999999999,1.147
251,78.444,77.672,69.1,225.216,0.344877806194942,7.8,-0.772000000000006,8.572
252,72.093,65.81,63.36,201.263,0.326985089161942,-3.833,-6.283,2.45
255,75.226,68.48,63.786,207.492,0.330036820696702,-2.05199999999999,-6.746,4.694
256,71.534,70.665,57.285,199.484,0.354238936456057,12.511,-0.869,13.38
257,81.461,81.487,71.41,234.358,0.347703086730558,10.103,0.0259999999999962,10.077
260,73.747,71.808,63.811,209.366,0.342978325038449,6.05800000000001,-1.93899999999999,7.99700000000001
263,81.409,73.314,70.759,225.482,0.32514347043223,-5.54000000000002,-8.09500000000001,2.55499999999999
268,87.4,87.898,79.664,254.962,0.344749413638111,8.73199999999999,0.49799999999999,8.234
269,70.532,69.509,66.425,206.466,0.336660757703448,2.06100000000001,-1.023,3.084
270,61.467,59.645,53.08,174.192,0.342409525121705,4.74300000000001,-1.822,6.565
271,69.894,70.468,56.435,196.797,0.358074564144779,14.607,0.573999999999998,14.033
272,70.959,68.53,61.34,200.829,0.341235578527006,4.761,-2.429,7.19
273,81.831,72.115,68.677,222.623,0.323933286318125,-6.27800000000002,-9.71600000000001,3.43799999999999
280,87.035,80.73,63.306,231.071,0.349373136395307,11.119,-6.30499999999999,17.424
281,72.201,72.542,62.08,206.823,0.350744356285326,10.803,0.341000000000008,10.462
282,78.892,73.265,70.892,223.049,0.328470425780882,-3.25399999999999,-5.627,2.373
284,84.008,80.229,76.345,240.582,0.33347881387635,0.105000000000004,-3.779,3.884
285,75.303,73.342,64.975,213.62,0.343329276284992,6.40600000000001,-1.961,8.367
288,88.572,84.49,69.31,242.372,0.348596372518278,11.098,-4.08200000000001,15.18
292,80.774,76.337,68.769,225.88,0.33795378076855,3.131,-4.437,7.568
293,71.153,69.196,60.957,201.306,0.34373540778715,6.28199999999999,-1.95700000000001,8.239
294,99.23,95.544,86.393,281.167,0.339812282380222,5.46499999999999,-3.68600000000001,9.151
296,76.641,73.016,66.908,216.565,0.337155126636345,2.483,-3.625,6.108
299,93.995,82.746,72.363,249.104,0.332174513456227,-0.866000000000014,-11.249,10.383
301,93.346,94.307,89.574,277.227,0.340179708325668,5.694,0.960999999999999,4.733
302,83.7,80.335,71.383,235.418,0.341244084989253,5.58699999999999,-3.36500000000001,8.952
304,78.297,73.064,69.984,221.345,0.330091034358129,-2.15300000000001,-5.233,3.08
305,90.867,86.052,75.098,252.017,0.341453155937893,6.13900000000001,-4.815,10.954
306,90.832,87.915,78.78,257.527,0.341381680367495,6.21800000000002,-2.91699999999999,9.135
307,88.523,92.295,73.668,254.486,0.362672209866162,22.399,3.77200000000001,18.627
310,90.261,87.147,72.82,250.228,0.348270377415797,11.213,-3.11399999999999,14.327
312,93.748,91.154,82.835,267.737,0.340460974762547,5.72499999999999,-2.59400000000001,8.319
313,82.713,80.923,66.124,229.76,0.352206650417827,13.009,-1.78999999999999,14.799
316,92.077,89.617,69.171,250.865,0.35723197735834,17.986,-2.45999999999999,20.446
317,94.315,86.754,78.712,259.781,0.33395051986096,0.481000000000009,-7.56099999999999,8.042
325,80.947,80.104,73.272,234.323,0.341852912432838,5.98899999999999,-0.843000000000004,6.83199999999999
326,89.387,86.577,76.793,252.757,0.342530572842691,6.97399999999999,-2.81,9.78399999999999
327,96.816,96.4,68.796,262.012,0.367922079904737,27.188,-0.415999999999997,27.604
328,92.681,89.806,81.081,263.568,0.340731803557336,5.84999999999999,-2.875,8.72499999999999
329,87.013,85.22,74.707,246.94,0.345104073864097,8.72,-1.79300000000001,10.513
332,82.671,79.975,70.505,233.151,0.343018044100175,6.77399999999999,-2.69600000000001,9.47
335,75.006,69.703,61.051,205.76,0.338758748055988,3.349,-5.303,8.652
336,80.791,78.486,64.135,223.412,0.351306107102573,12.046,-2.30499999999999,14.351
338,105.689,101.449,91.588,298.726,0.339605524795297,5.62100000000001,-4.24,9.861
339,104.317,96.793,84.533,285.643,0.338860045581373,4.73600000000002,-7.52399999999999,12.26
345,87.358,88.841,74.97,251.169,0.353710051797793,15.354,1.48299999999999,13.871
346,79.92,81.357,75.94,237.217,0.34296445870237,6.854,1.437,5.417
347,90.626,85.719,55.684,232.029,0.369432269242207,25.128,-4.90700000000001,30.035
354,89.401,84.466,72.641,246.508,0.342650137115225,6.88999999999999,-4.935,11.825
356,92.34,89.933,75.579,257.852,0.348777593348122,11.947,-2.407,14.354
357,98.619,94.578,76.809,270.006,0.350281104864336,13.728,-4.041,17.769
358,89.25,80.13,77.822,247.202,0.324147862881368,-6.81200000000001,-9.12,2.30799999999999
359,106.948,99.069,79.227,285.244,0.347313177490149,11.963,-7.87899999999999,19.842
360,96.536,94.241,84.263,275.04,0.342644706224549,7.68299999999999,-2.295,9.978
366,100.352,88.708,76.67,265.73,0.333827569337297,0.393999999999991,-11.644,12.038
367,98.261,95.327,76.204,269.792,0.353335161902503,16.189,-2.934,19.123
368,98.196,94.158,71.67,264.024,0.3566266703027,18.45,-4.038,22.488
370,102.403,92.515,82.149,277.067,0.333908404826269,0.477999999999994,-9.888,10.366
373,93.344,91.501,83.901,268.746,0.340473904727884,5.75700000000002,-1.84299999999999,7.60000000000001
377,97.662,86.287,84.698,268.647,0.321191005296914,-9.78599999999999,-11.375,1.58900000000001
378,96.444,91.08,76.164,263.688,0.345408209702376,9.55199999999999,-5.364,14.916
381,85.387,79.989,70.828,236.204,0.338643714755042,3.763,-5.398,9.161
383,92.493,84.119,71.102,247.714,0.339581129851361,4.643,-8.374,13.017
391,94.299,89.041,77.299,260.639,0.341625773579549,6.48399999999998,-5.25800000000001,11.742
392,93.298,73.578,71.314,238.19,0.308904655946933,-17.456,-19.72,2.26400000000001
394,101.353,93.48,91.57,286.403,0.326393229121203,-5.96299999999998,-7.87299999999999,1.91000000000001
395,95.288,88.993,79.314,263.595,0.337612625429162,3.384,-6.295,9.679
398,89.629,85.235,74.247,249.111,0.342156709258122,6.59399999999999,-4.39400000000001,10.988
401,94.751,87.922,78.788,261.461,0.336271948780124,2.30499999999999,-6.82900000000001,9.134
406,93.018,86.29,78.44,257.748,0.334784363021246,1.12200000000001,-6.728,7.85000000000001
411,102.209,97.448,75.438,275.095,0.354233991893709,17.249,-4.76100000000001,22.01
412,84.094,76.874,72.794,233.762,0.328855844833634,-3.14,-7.22,4.08
422,88.865,83.61,75.297,247.772,0.3374473306104,3.05800000000001,-5.255,8.313
427,83.55,82.539,75.483,241.572,0.341674531816601,6.045,-1.011,7.056
