"","tray","row","col","cell","si","id","d8","d9","d10","d11","d12","d13","d14","d15","d16","d17","d18","d19","d20","d21","d22","d23","d24","d25","d26","d27","d28","d29","d30","d31","d32","d33","d34","d35","d36","d37","d38","d39","d40","site","individual"
"2","1","1","1","1","-","-","-","-","-","-","-","-","-","-","-","-","-","-","-","-","-","-","-","-","-","-","-","-","-","-","-","-","-","-","-","-","-","-","-",NA,NA
"3","1","1","2","2","-","-","-","-","-","-","-","-","-","-","-","-","-","-","-","-","-","-","-","-","-","-","-","-","-","-","-","-","-","-","-","-","-","-","-",NA,NA
"4","1","1","3","3","-","-","-","-","-","-","-","-","-","-","-","-","-","-","-","-","-","-","-","-","-","-","-","-","-","-","-","-","-","-","-","-","-","-","-",NA,NA
"5","1","1","4","4","-","-","-","-","-","-","-","-","-","-","-","-","-","-","-","-","-","-","-","-","-","-","-","-","-","-","-","-","-","-","-","-","-","-","-",NA,NA
"6","1","1","5","5","-","-","-","-","-","-","-","-","-","-","-","-","-","-","-","-","-","-","-","-","-","-","-","-","-","-","-","-","-","-","-","-","-","-","-",NA,NA
"7","1","1","6","6","-","-","-","-","-","-","-","-","-","-","-","-","-","-","-","-","-","-","-","-","-","-","-","-","-","-","-","-","-","-","-","-","-","-","-",NA,NA
"8","1","1","7","7","-","-","-","-","-","-","-","-","-","-","-","-","-","-","-","-","-","-","-","-","-","-","-","-","-","-","-","-","-","-","-","-","-","-","-",NA,NA
"9","1","1","8","8","-","-","-","-","-","-","-","-","-","-","-","-","-","-","-","-","-","-","-","-","-","-","-","-","-","-","-","-","-","-","-","-","-","-","-",NA,NA
"10","1","1","9","9","-","-","-","-","-","-","-","-","-","-","-","-","-","-","-","-","-","-","-","-","-","-","-","-","-","-","-","-","-","-","-","-","-","-","-",NA,NA
"11","1","1","10","10","-","-","-","-","-","-","-","-","-","-","-","-","-","-","-","-","-","-","-","-","-","-","-","-","-","-","-","-","-","-","-","-","-","-","-",NA,NA
"12","1","1","11","11","-","-","-","-","-","-","-","-","-","-","-","-","-","-","-","-","-","-","-","-","-","-","-","-","-","-","-","-","-","-","-","-","-","-","-",NA,NA
"13","1","2","1","12","-","-","-","-","-","-","-","-","-","-","-","-","-","-","-","-","-","-","-","-","-","-","-","-","-","-","-","-","-","-","-","-","-","-","-",NA,NA
"23","1","2","11","22","-","-","-","-","-","-","-","-","-","-","-","-","-","-","-","-","-","-","-","-","-","-","-","-","-","-","-","-","-","-","-","-","-","-","-",NA,NA
"24","1","3","1","23","-","-","-","-","-","-","-","-","-","-","-","-","-","-","-","-","-","-","-","-","-","-","-","-","-","-","-","-","-","-","-","-","-","-","-",NA,NA
"30","1","3","7","29","S22I5","-","-","-","-","-","-","-","-","-","-","-","-","-","-","-","-","-","-","-","-","-","-","-","-","-","-","-","-","-","-","-","-","-","-","22","5"
"32","1","3","9","31","S3I1","-","-","-","-","-","-","-","-","-","-","-","-","-","-","-","-","-","-","-","-","-","-","-","-","-","-","-","-","-","-","-","-","-","-","3","1"
"34","1","3","11","33","-","-","-","-","-","-","-","-","-","-","-","-","-","-","-","-","-","-","-","-","-","-","-","-","-","-","-","-","-","-","-","-","-","-","-",NA,NA
"35","1","4","1","34","-","-","-","-","-","-","-","-","-","-","-","-","-","-","-","-","-","-","-","-","-","-","-","-","-","-","-","-","-","-","-","-","-","-","-",NA,NA
"38","1","4","4","37","S17I2","-","-","-","-","-","-","-","-","-","-","-","-","-","-","-","-","-","-","-","-","-","-","-","-","-","-","-","-","-","-","-","-","-","-","17","2"
"41","1","4","7","40","S22I5","-","-","-","-","-","-","-","-","-","-","-","-","-","-","-","-","-","-","-","-","-","-","-","-","-","-","-","-","-","-","-","-","-","-","22","5"
"42","1","4","8","41","S9I3","-","-","-","-","-","-","-","-","-","-","-","-","-","-","-","-","-","-","-","-","-","-","-","-","-","-","-","-","-","-","-","-","-","-","9","3"
"45","1","4","11","44","-","-","-","-","-","-","-","-","-","-","-","-","-","-","-","-","-","-","-","-","-","-","-","-","-","-","-","-","-","-","-","-","-","-","-",NA,NA
"46","1","5","1","45","-","-","-","-","-","-","-","-","-","-","-","-","-","-","-","-","-","-","-","-","-","-","-","-","-","-","-","-","-","-","-","-","-","-","-",NA,NA
"50","1","5","5","49","soil","-","-","-","-","-","-","-","-","-","-","-","-","-","-","-","-","-","-","-","-","-","-","-","-","-","-","-","-","-","-","-","-","-","-",NA,NA
"52","1","5","7","51","S13I2","-","-","-","-","-","-","-","-","-","-","-","-","-","-","-","-","-","-","-","-","-","-","-","-","-","-","-","-","-","-","-","-","-","-","13","2"
"53","1","5","8","52","S19I1","-","-","-","-","-","-","-","-","-","-","-","-","-","-","-","-","-","-","-","-","-","-","-","-","-","-","-","-","-","-","-","-","-","-","19","1"
"56","1","5","11","55","-","-","-","-","-","-","-","-","-","-","-","-","-","-","-","-","-","-","-","-","-","-","-","-","-","-","-","-","-","-","-","-","-","-","-",NA,NA
"57","1","6","1","56","-","-","-","-","-","-","-","-","-","-","-","-","-","-","-","-","-","-","-","-","-","-","-","-","-","-","-","-","-","-","-","-","-","-","-",NA,NA
"67","1","6","11","66","-","-","-","-","-","-","-","-","-","-","-","-","-","-","-","-","-","-","-","-","-","-","-","-","-","-","-","-","-","-","-","-","-","-","-",NA,NA
"68","1","7","1","67","-","-","-","-","-","-","-","-","-","-","-","-","-","-","-","-","-","-","-","-","-","-","-","-","-","-","-","-","-","-","-","-","-","-","-",NA,NA
"72","1","7","5","71","S3I6","-","-","-","-","-","-","-","-","-","-","-","-","-","-","-","-","-","-","-","-","-","-","-","-","-","-","-","-","-","-","-","-","-","-","3","6"
"73","1","7","6","72","S37I5","-","-","-","-","-","-","-","-","-","-","-","-","-","-","-","-","-","-","-","-","-","-","-","-","-","-","-","-","-","-","-","-","-","-","37","5"
"74","1","7","7","73","S34I4","-","-","-","-","-","-","-","-","-","-","-","-","-","-","-","-","-","-","-","-","-","-","-","-","-","-","-","-","-","-","-","-","-","-","34","4"
"77","1","7","10","76","S19I1","-","-","-","-","-","-","-","-","-","-","-","-","-","-","-","-","-","-","-","-","-","-","-","-","-","-","-","-","-","-","-","-","-","-","19","1"
"78","1","7","11","77","-","-","-","-","-","-","-","-","-","-","-","-","-","-","-","-","-","-","-","-","-","-","-","-","-","-","-","-","-","-","-","-","-","-","-",NA,NA
"79","1","8","1","78","-","-","-","-","-","-","-","-","-","-","-","-","-","-","-","-","-","-","-","-","-","-","-","-","-","-","-","-","-","-","-","-","-","-","-",NA,NA
"88","1","8","10","87","S30I1","-","-","-","-","-","-","-","-","-","-","-","-","-","-","-","-","-","-","-","-","-","-","-","-","-","-","-","-","-","-","-","-","-","-","30","1"
"89","1","8","11","88","-","-","-","-","-","-","-","-","-","-","-","-","-","-","-","-","-","-","-","-","-","-","-","-","-","-","-","-","-","-","-","-","-","-","-",NA,NA
"90","1","9","1","89","-","-","-","-","-","-","-","-","-","-","-","-","-","-","-","-","-","-","-","-","-","-","-","-","-","-","-","-","-","-","-","-","-","-","-",NA,NA
"100","1","9","11","99","-","-","-","-","-","-","-","-","-","-","-","-","-","-","-","-","-","-","-","-","-","-","-","-","-","-","-","-","-","-","-","-","-","-","-",NA,NA
"101","1","10","1","100","-","-","-","-","-","-","-","-","-","-","-","-","-","-","-","-","-","-","-","-","-","-","-","-","-","-","-","-","-","-","-","-","-","-","-",NA,NA
"105","1","10","5","104","S35I1","-","-","-","-","-","-","-","-","-","-","-","-","-","-","-","-","-","-","-","-","-","-","-","-","-","-","-","-","-","-","-","-","-","-","35","1"
"107","1","10","7","106","S32I1","-","-","-","-","-","-","-","-","-","-","-","-","-","-","-","-","-","-","-","-","-","-","-","-","-","-","-","-","-","-","-","-","-","-","32","1"
"108","1","10","8","107","S23I5","-","-","-","-","-","-","-","-","-","-","-","-","-","-","-","-","-","-","-","-","-","-","-","-","-","-","-","-","-","-","-","-","-","-","23","5"
"111","1","10","11","110","-","-","-","-","-","-","-","-","-","-","-","-","-","-","-","-","-","-","-","-","-","-","-","-","-","-","-","-","-","-","-","-","-","-","-",NA,NA
"112","1","11","1","111","-","-","-","-","-","-","-","-","-","-","-","-","-","-","-","-","-","-","-","-","-","-","-","-","-","-","-","-","-","-","-","-","-","-","-",NA,NA
"117","1","11","6","116","S32I1","-","-","-","-","-","-","-","-","-","-","-","-","-","-","-","-","-","-","-","-","-","-","-","-","-","-","-","-","-","-","-","-","-","-","32","1"
"120","1","11","9","119","S23I5","-","-","-","-","-","-","-","-","-","-","-","-","-","-","-","-","-","-","-","-","-","-","-","-","-","-","-","-","-","-","-","-","-","-","23","5"
"122","1","11","11","121","-","-","-","-","-","-","-","-","-","-","-","-","-","-","-","-","-","-","-","-","-","-","-","-","-","-","-","-","-","-","-","-","-","-","-",NA,NA
"123","1","12","1","122","-","-","-","-","-","-","-","-","-","-","-","-","-","-","-","-","-","-","-","-","-","-","-","-","-","-","-","-","-","-","-","-","-","-","-",NA,NA
"126","1","12","4","125","S2I5","-","-","-","-","-","-","-","-","-","-","-","-","-","-","-","-","-","-","-","-","-","-","-","-","-","-","-","-","-","-","-","-","-","-","2","5"
"130","1","12","8","129","S32I4","-","-","-","-","-","-","-","-","-","-","-","-","-","-","-","-","-","-","-","-","-","-","-","-","-","-","-","-","-","-","-","-","-","-","32","4"
"133","1","12","11","132","-","-","-","-","-","-","-","-","-","-","-","-","-","-","-","-","-","-","-","-","-","-","-","-","-","-","-","-","-","-","-","-","-","-","-",NA,NA
"134","1","13","1","133","-","-","-","-","-","-","-","-","-","-","-","-","-","-","-","-","-","-","-","-","-","-","-","-","-","-","-","-","-","-","-","-","-","-","-",NA,NA
"135","1","13","2","134","S34I5","-","-","-","-","-","-","-","-","-","-","-","-","-","-","-","-","-","-","-","-","-","-","-","-","-","-","-","-","-","-","-","-","-","-","34","5"
"139","1","13","6","138","S3I1","-","-","-","-","-","-","-","-","-","-","-","-","-","-","-","-","-","-","-","-","-","-","-","-","-","-","-","-","-","-","-","-","-","-","3","1"
"142","1","13","9","141","S33I1","-","-","-","-","-","-","-","-","-","-","-","-","-","-","-","-","-","-","-","-","-","-","-","-","-","-","-","-","-","-","-","-","-","-","33","1"
"143","1","13","10","142","S36I1","-","-","-","-","-","-","-","-","-","-","-","-","-","-","-","-","-","-","-","-","-","-","-","-","-","-","-","-","-","-","-","-","-","-","36","1"
"144","1","13","11","143","-","-","-","-","-","-","-","-","-","-","-","-","-","-","-","-","-","-","-","-","-","-","-","-","-","-","-","-","-","-","-","-","-","-","-",NA,NA
"145","1","14","1","144","-","-","-","-","-","-","-","-","-","-","-","-","-","-","-","-","-","-","-","-","-","-","-","-","-","-","-","-","-","-","-","-","-","-","-",NA,NA
"149","1","14","5","148","S17I1","-","-","-","-","-","-","-","-","-","-","-","-","-","-","-","-","-","-","-","-","-","-","-","-","-","-","-","-","-","-","-","-","-","-","17","1"
"155","1","14","11","154","-","-","-","-","-","-","-","-","-","-","-","-","-","-","-","-","-","-","-","-","-","-","-","-","-","-","-","-","-","-","-","-","-","-","-",NA,NA
"156","1","15","1","155","-","-","-","-","-","-","-","-","-","-","-","-","-","-","-","-","-","-","-","-","-","-","-","-","-","-","-","-","-","-","-","-","-","-","-",NA,NA
"162","1","15","7","161","S2I6","-","-","-","-","-","-","-","-","-","-","-","-","-","-","-","-","-","-","-","-","-","-","-","-","-","-","-","-","-","-","-","-","-","-","2","6"
"163","1","15","8","162","S14I5","-","-","-","-","-","-","-","-","-","-","-","-","-","-","-","-","-","-","-","-","-","-","-","-","-","-","-","-","-","-","-","-","-","-","14","5"
"166","1","15","11","165","-","-","-","-","-","-","-","-","-","-","-","-","-","-","-","-","-","-","-","-","-","-","-","-","-","-","-","-","-","-","-","-","-","-","-",NA,NA
"167","1","16","1","166","-","-","-","-","-","-","-","-","-","-","-","-","-","-","-","-","-","-","-","-","-","-","-","-","-","-","-","-","-","-","-","-","-","-","-",NA,NA
"172","1","16","6","171","S36I1","-","-","-","-","-","-","-","-","-","-","-","-","-","-","-","-","-","-","-","-","-","-","-","-","-","-","-","-","-","-","-","-","-","-","36","1"
"177","1","16","11","176","-","-","-","-","-","-","-","-","-","-","-","-","-","-","-","-","-","-","-","-","-","-","-","-","-","-","-","-","-","-","-","-","-","-","-",NA,NA
"178","1","17","1","177","-","-","-","-","-","-","-","-","-","-","-","-","-","-","-","-","-","-","-","-","-","-","-","-","-","-","-","-","-","-","-","-","-","-","-",NA,NA
"180","1","17","3","179","S16I4","-","-","-","-","-","-","-","-","-","-","-","-","-","-","-","-","-","-","-","-","-","-","-","-","-","-","-","-","-","-","-","-","-","-","16","4"
"183","1","17","6","182","S9I3","-","-","-","-","-","-","-","-","-","-","-","-","-","-","-","-","-","-","-","-","-","-","-","-","-","-","-","-","-","-","-","-","-","-","9","3"
"185","1","17","8","184","S34I1","-","-","-","-","-","-","-","-","-","-","-","-","-","-","-","-","-","-","-","-","-","-","-","-","-","-","-","-","-","-","-","-","-","-","34","1"
"188","1","17","11","187","-","-","-","-","-","-","-","-","-","-","-","-","-","-","-","-","-","-","-","-","-","-","-","-","-","-","-","-","-","-","-","-","-","-","-",NA,NA
"189","1","18","1","188","-","-","-","-","-","-","-","-","-","-","-","-","-","-","-","-","-","-","-","-","-","-","-","-","-","-","-","-","-","-","-","-","-","-","-",NA,NA
"190","1","18","2","189","S34I1","-","-","-","-","-","-","-","-","-","-","-","-","-","-","-","-","-","-","-","-","-","-","-","-","-","-","-","-","-","-","-","-","-","-","34","1"
"191","1","18","3","190","S38I4","-","-","-","-","-","-","-","-","-","-","-","-","-","-","-","-","-","-","-","-","-","-","-","-","-","-","-","-","-","-","-","-","-","-","38","4"
"193","1","18","5","192","S15I1","-","-","-","-","-","-","-","-","-","-","-","-","-","-","-","-","-","-","-","-","-","-","-","-","-","-","-","-","-","-","-","-","-","-","15","1"
"197","1","18","9","196","S36I2","-","-","-","-","-","-","-","-","-","-","-","-","-","-","-","-","-","-","-","-","-","-","-","-","-","-","-","-","-","-","-","-","-","-","36","2"
"199","1","18","11","198","-","-","-","-","-","-","-","-","-","-","-","-","-","-","-","-","-","-","-","-","-","-","-","-","-","-","-","-","-","-","-","-","-","-","-",NA,NA
"200","1","19","1","199","-","-","-","-","-","-","-","-","-","-","-","-","-","-","-","-","-","-","-","-","-","-","-","-","-","-","-","-","-","-","-","-","-","-","-",NA,NA
"201","1","19","2","200","S33I3","-","-","-","-","-","-","-","-","-","-","-","-","-","-","-","-","-","-","-","-","-","-","-","-","-","-","-","-","-","-","-","-","-","-","33","3"
"202","1","19","3","201","S14I5","-","-","-","-","-","-","-","-","-","-","-","-","-","-","-","-","-","-","-","-","-","-","-","-","-","-","-","-","-","-","-","-","-","-","14","5"
"206","1","19","7","205","soil","-","-","-","-","-","-","-","-","-","-","-","-","-","-","-","-","-","-","-","-","-","-","-","-","-","-","-","-","-","-","-","-","-","-",NA,NA
"210","1","19","11","209","-","-","-","-","-","-","-","-","-","-","-","-","-","-","-","-","-","-","-","-","-","-","-","-","-","-","-","-","-","-","-","-","-","-","-",NA,NA
"211","1","20","1","210","-","-","-","-","-","-","-","-","-","-","-","-","-","-","-","-","-","-","-","-","-","-","-","-","-","-","-","-","-","-","-","-","-","-","-",NA,NA
"212","1","20","2","211","-","-","-","-","-","-","-","-","-","-","-","-","-","-","-","-","-","-","-","-","-","-","-","-","-","-","-","-","-","-","-","-","-","-","-",NA,NA
"213","1","20","3","212","-","-","-","-","-","-","-","-","-","-","-","-","-","-","-","-","-","-","-","-","-","-","-","-","-","-","-","-","-","-","-","-","-","-","-",NA,NA
"214","1","20","4","213","-","-","-","-","-","-","-","-","-","-","-","-","-","-","-","-","-","-","-","-","-","-","-","-","-","-","-","-","-","-","-","-","-","-","-",NA,NA
"215","1","20","5","214","-","-","-","-","-","-","-","-","-","-","-","-","-","-","-","-","-","-","-","-","-","-","-","-","-","-","-","-","-","-","-","-","-","-","-",NA,NA
"216","1","20","6","215","-","-","-","-","-","-","-","-","-","-","-","-","-","-","-","-","-","-","-","-","-","-","-","-","-","-","-","-","-","-","-","-","-","-","-",NA,NA
"217","1","20","7","216","-","-","-","-","-","-","-","-","-","-","-","-","-","-","-","-","-","-","-","-","-","-","-","-","-","-","-","-","-","-","-","-","-","-","-",NA,NA
"218","1","20","8","217","-","-","-","-","-","-","-","-","-","-","-","-","-","-","-","-","-","-","-","-","-","-","-","-","-","-","-","-","-","-","-","-","-","-","-",NA,NA
"219","1","20","9","218","-","-","-","-","-","-","-","-","-","-","-","-","-","-","-","-","-","-","-","-","-","-","-","-","-","-","-","-","-","-","-","-","-","-","-",NA,NA
"220","1","20","10","219","-","-","-","-","-","-","-","-","-","-","-","-","-","-","-","-","-","-","-","-","-","-","-","-","-","-","-","-","-","-","-","-","-","-","-",NA,NA
"221","1","20","11","220","-","-","-","-","-","-","-","-","-","-","-","-","-","-","-","-","-","-","-","-","-","-","-","-","-","-","-","-","-","-","-","-","-","-","-",NA,NA
"222","2","1","1","221","-","-","-","-","-","-","-","-","-","-","-","-","-","-","-","-","-","-","-","-","-","-","-","-","-","-","-","-","-","-","-","-","-","-","-",NA,NA
"223","2","1","2","222","-","-","-","-","-","-","-","-","-","-","-","-","-","-","-","-","-","-","-","-","-","-","-","-","-","-","-","-","-","-","-","-","-","-","-",NA,NA
"224","2","1","3","223","-","-","-","-","-","-","-","-","-","-","-","-","-","-","-","-","-","-","-","-","-","-","-","-","-","-","-","-","-","-","-","-","-","-","-",NA,NA
"225","2","1","4","224","-","-","-","-","-","-","-","-","-","-","-","-","-","-","-","-","-","-","-","-","-","-","-","-","-","-","-","-","-","-","-","-","-","-","-",NA,NA
"226","2","1","5","225","-","-","-","-","-","-","-","-","-","-","-","-","-","-","-","-","-","-","-","-","-","-","-","-","-","-","-","-","-","-","-","-","-","-","-",NA,NA
"227","2","1","6","226","-","-","-","-","-","-","-","-","-","-","-","-","-","-","-","-","-","-","-","-","-","-","-","-","-","-","-","-","-","-","-","-","-","-","-",NA,NA
"228","2","1","7","227","-","-","-","-","-","-","-","-","-","-","-","-","-","-","-","-","-","-","-","-","-","-","-","-","-","-","-","-","-","-","-","-","-","-","-",NA,NA
"229","2","1","8","228","-","-","-","-","-","-","-","-","-","-","-","-","-","-","-","-","-","-","-","-","-","-","-","-","-","-","-","-","-","-","-","-","-","-","-",NA,NA
"230","2","1","9","229","-","-","-","-","-","-","-","-","-","-","-","-","-","-","-","-","-","-","-","-","-","-","-","-","-","-","-","-","-","-","-","-","-","-","-",NA,NA
"231","2","1","10","230","-","-","-","-","-","-","-","-","-","-","-","-","-","-","-","-","-","-","-","-","-","-","-","-","-","-","-","-","-","-","-","-","-","-","-",NA,NA
"232","2","1","11","231","-","-","-","-","-","-","-","-","-","-","-","-","-","-","-","-","-","-","-","-","-","-","-","-","-","-","-","-","-","-","-","-","-","-","-",NA,NA
"233","2","2","1","232","-","-","-","-","-","-","-","-","-","-","-","-","-","-","-","-","-","-","-","-","-","-","-","-","-","-","-","-","-","-","-","-","-","-","-",NA,NA
"238","2","2","6","237","S29I4","-","-","-","-","-","-","-","-","-","-","-","-","-","-","-","-","-","-","-","-","-","-","-","-","-","-","-","-","-","-","-","-","-","-","29","4"
"243","2","2","11","242","-","-","-","-","-","-","-","-","-","-","-","-","-","-","-","-","-","-","-","-","-","-","-","-","-","-","-","-","-","-","-","-","-","-","-",NA,NA
"244","2","3","1","243","-","-","-","-","-","-","-","-","-","-","-","-","-","-","-","-","-","-","-","-","-","-","-","-","-","-","-","-","-","-","-","-","-","-","-",NA,NA
"251","2","3","8","250","S17I2","-","-","-","-","-","-","-","-","-","-","-","-","-","-","-","-","-","-","-","-","-","-","-","-","-","-","-","-","-","-","-","-","-","-","17","2"
"254","2","3","11","253","-","-","-","-","-","-","-","-","-","-","-","-","-","-","-","-","-","-","-","-","-","-","-","-","-","-","-","-","-","-","-","-","-","-","-",NA,NA
"255","2","4","1","254","-","-","-","-","-","-","-","-","-","-","-","-","-","-","-","-","-","-","-","-","-","-","-","-","-","-","-","-","-","-","-","-","-","-","-",NA,NA
"257","2","4","3","256","S19I1","-","-","-","-","-","-","-","-","-","-","-","-","-","-","-","-","-","-","-","-","-","-","-","-","-","-","-","-","-","-","-","-","-","-","19","1"
"258","2","4","4","257","S6I6","-","-","-","-","-","-","-","-","-","-","-","-","-","-","-","-","-","-","-","-","-","-","-","-","-","-","-","-","-","-","-","-","-","-","6","6"
"259","2","4","5","258","S13I2","-","-","-","-","-","-","-","-","-","-","-","-","-","-","-","-","-","-","-","-","-","-","-","-","-","-","-","-","-","-","-","-","-","-","13","2"
"265","2","4","11","264","-","-","-","-","-","-","-","-","-","-","-","-","-","-","-","-","-","-","-","-","-","-","-","-","-","-","-","-","-","-","-","-","-","-","-",NA,NA
"266","2","5","1","265","-","-","-","-","-","-","-","-","-","-","-","-","-","-","-","-","-","-","-","-","-","-","-","-","-","-","-","-","-","-","-","-","-","-","-",NA,NA
"270","2","5","5","269","soil","-","-","-","-","-","-","-","-","-","-","-","-","-","-","-","-","-","-","-","-","-","-","-","-","-","-","-","-","-","-","-","-","-","-",NA,NA
"271","2","5","6","270","S2I6","-","-","-","-","-","-","-","-","-","-","-","-","-","-","-","-","-","-","-","-","-","-","-","-","-","-","-","-","-","-","-","-","-","-","2","6"
"272","2","5","7","271","S37I5","-","-","-","-","-","-","-","-","-","-","-","-","-","-","-","-","-","-","-","-","-","-","-","-","-","-","-","-","-","-","-","-","-","-","37","5"
"274","2","5","9","273","S27I2","-","-","-","-","-","-","-","-","-","-","-","-","-","-","-","-","-","-","-","-","-","-","-","-","-","-","-","-","-","-","-","-","-","-","27","2"
"276","2","5","11","275","-","-","-","-","-","-","-","-","-","-","-","-","-","-","-","-","-","-","-","-","-","-","-","-","-","-","-","-","-","-","-","-","-","-","-",NA,NA
"277","2","6","1","276","-","-","-","-","-","-","-","-","-","-","-","-","-","-","-","-","-","-","-","-","-","-","-","-","-","-","-","-","-","-","-","-","-","-","-",NA,NA
"286","2","6","10","285","S19I1","-","-","-","-","-","-","-","-","-","-","-","-","-","-","-","-","-","-","-","-","-","-","-","-","-","-","-","-","-","-","-","-","-","-","19","1"
"287","2","6","11","286","-","-","-","-","-","-","-","-","-","-","-","-","-","-","-","-","-","-","-","-","-","-","-","-","-","-","-","-","-","-","-","-","-","-","-",NA,NA
"288","2","7","1","287","-","-","-","-","-","-","-","-","-","-","-","-","-","-","-","-","-","-","-","-","-","-","-","-","-","-","-","-","-","-","-","-","-","-","-",NA,NA
"296","2","7","9","295","S29I3","-","-","-","-","-","-","-","-","-","-","-","-","-","-","-","-","-","-","-","-","-","-","-","-","-","-","-","-","-","-","-","-","-","-","29","3"
"298","2","7","11","297","-","-","-","-","-","-","-","-","-","-","-","-","-","-","-","-","-","-","-","-","-","-","-","-","-","-","-","-","-","-","-","-","-","-","-",NA,NA
"299","2","8","1","298","-","-","-","-","-","-","-","-","-","-","-","-","-","-","-","-","-","-","-","-","-","-","-","-","-","-","-","-","-","-","-","-","-","-","-",NA,NA
"301","2","8","3","300","S37I5","-","-","-","-","-","-","-","-","-","-","-","-","-","-","-","-","-","-","-","-","-","-","-","-","-","-","-","-","-","-","-","-","-","-","37","5"
"304","2","8","6","303","S36I2","-","-","-","-","-","-","-","-","-","-","-","-","-","-","-","-","-","-","-","-","-","-","-","-","-","-","-","-","-","-","-","-","-","-","36","2"
"307","2","8","9","306","S3I5","-","-","-","-","-","-","-","-","-","-","-","-","-","-","-","-","-","-","-","-","-","-","-","-","-","-","-","-","-","-","-","-","-","-","3","5"
"309","2","8","11","308","-","-","-","-","-","-","-","-","-","-","-","-","-","-","-","-","-","-","-","-","-","-","-","-","-","-","-","-","-","-","-","-","-","-","-",NA,NA
"310","2","9","1","309","-","-","-","-","-","-","-","-","-","-","-","-","-","-","-","-","-","-","-","-","-","-","-","-","-","-","-","-","-","-","-","-","-","-","-",NA,NA
"319","2","9","10","318","S2I6","-","-","-","-","-","-","-","-","-","-","-","-","-","-","-","-","-","-","-","-","-","-","-","-","-","-","-","-","-","-","-","-","-","-","2","6"
"320","2","9","11","319","-","-","-","-","-","-","-","-","-","-","-","-","-","-","-","-","-","-","-","-","-","-","-","-","-","-","-","-","-","-","-","-","-","-","-",NA,NA
"321","2","10","1","320","-","-","-","-","-","-","-","-","-","-","-","-","-","-","-","-","-","-","-","-","-","-","-","-","-","-","-","-","-","-","-","-","-","-","-",NA,NA
"327","2","10","7","326","S14I6","-","-","-","-","-","-","-","-","-","-","-","-","-","-","-","-","-","-","-","-","-","-","-","-","-","-","-","-","-","-","-","-","-","-","14","6"
"331","2","10","11","330","-","-","-","-","-","-","-","-","-","-","-","-","-","-","-","-","-","-","-","-","-","-","-","-","-","-","-","-","-","-","-","-","-","-","-",NA,NA
"332","2","11","1","331","-","-","-","-","-","-","-","-","-","-","-","-","-","-","-","-","-","-","-","-","-","-","-","-","-","-","-","-","-","-","-","-","-","-","-",NA,NA
"333","2","11","2","332","S39I6","-","-","-","-","-","-","-","-","-","-","-","-","-","-","-","-","-","-","-","-","-","-","-","-","-","-","-","-","-","-","-","-","-","-","39","6"
"334","2","11","3","333","S28I4","-","-","-","-","-","-","-","-","-","-","-","-","-","-","-","-","-","-","-","-","-","-","-","-","-","-","-","-","-","-","-","-","-","-","28","4"
"337","2","11","6","336","S6I6","-","-","-","-","-","-","-","-","-","-","-","-","-","-","-","-","-","-","-","-","-","-","-","-","-","-","-","-","-","-","-","-","-","-","6","6"
"342","2","11","11","341","-","-","-","-","-","-","-","-","-","-","-","-","-","-","-","-","-","-","-","-","-","-","-","-","-","-","-","-","-","-","-","-","-","-","-",NA,NA
"343","2","12","1","342","-","-","-","-","-","-","-","-","-","-","-","-","-","-","-","-","-","-","-","-","-","-","-","-","-","-","-","-","-","-","-","-","-","-","-",NA,NA
"345","2","12","3","344","S2I5","-","-","-","-","-","-","-","-","-","-","-","-","-","-","-","-","-","-","-","-","-","-","-","-","-","-","-","-","-","-","-","-","-","-","2","5"
"348","2","12","6","347","S9I3","-","-","-","-","-","-","-","-","-","-","-","-","-","-","-","-","-","-","-","-","-","-","-","-","-","-","-","-","-","-","-","-","-","-","9","3"
"353","2","12","11","352","-","-","-","-","-","-","-","-","-","-","-","-","-","-","-","-","-","-","-","-","-","-","-","-","-","-","-","-","-","-","-","-","-","-","-",NA,NA
"354","2","13","1","353","-","-","-","-","-","-","-","-","-","-","-","-","-","-","-","-","-","-","-","-","-","-","-","-","-","-","-","-","-","-","-","-","-","-","-",NA,NA
"360","2","13","7","359","S3I6","-","-","-","-","-","-","-","-","-","-","-","-","-","-","-","-","-","-","-","-","-","-","-","-","-","-","-","-","-","-","-","-","-","-","3","6"
"363","2","13","10","362","S22I5","-","-","-","-","-","-","-","-","-","-","-","-","-","-","-","-","-","-","-","-","-","-","-","-","-","-","-","-","-","-","-","-","-","-","22","5"
"364","2","13","11","363","-","-","-","-","-","-","-","-","-","-","-","-","-","-","-","-","-","-","-","-","-","-","-","-","-","-","-","-","-","-","-","-","-","-","-",NA,NA
"365","2","14","1","364","-","-","-","-","-","-","-","-","-","-","-","-","-","-","-","-","-","-","-","-","-","-","-","-","-","-","-","-","-","-","-","-","-","-","-",NA,NA
"372","2","14","8","371","S29I3","-","-","-","-","-","-","-","-","-","-","-","-","-","-","-","-","-","-","-","-","-","-","-","-","-","-","-","-","-","-","-","-","-","-","29","3"
"374","2","14","10","373","soil","-","-","-","-","-","-","-","-","-","-","-","-","-","-","-","-","-","-","-","-","-","-","-","-","-","-","-","-","-","-","-","-","-","-",NA,NA
"375","2","14","11","374","-","-","-","-","-","-","-","-","-","-","-","-","-","-","-","-","-","-","-","-","-","-","-","-","-","-","-","-","-","-","-","-","-","-","-",NA,NA
"376","2","15","1","375","-","-","-","-","-","-","-","-","-","-","-","-","-","-","-","-","-","-","-","-","-","-","-","-","-","-","-","-","-","-","-","-","-","-","-",NA,NA
"386","2","15","11","385","-","-","-","-","-","-","-","-","-","-","-","-","-","-","-","-","-","-","-","-","-","-","-","-","-","-","-","-","-","-","-","-","-","-","-",NA,NA
"387","2","16","1","386","-","-","-","-","-","-","-","-","-","-","-","-","-","-","-","-","-","-","-","-","-","-","-","-","-","-","-","-","-","-","-","-","-","-","-",NA,NA
"390","2","16","4","389","S34I4","-","-","-","-","-","-","-","-","-","-","-","-","-","-","-","-","-","-","-","-","-","-","-","-","-","-","-","-","-","-","-","-","-","-","34","4"
"391","2","16","5","390","S15I1","-","-","-","-","-","-","-","-","-","-","-","-","-","-","-","-","-","-","-","-","-","-","-","-","-","-","-","-","-","-","-","-","-","-","15","1"
"392","2","16","6","391","S39I3","-","-","-","-","-","-","-","-","-","-","-","-","-","-","-","-","-","-","-","-","-","-","-","-","-","-","-","-","-","-","-","-","-","-","39","3"
"394","2","16","8","393","S12I1","-","-","-","-","-","-","-","-","-","-","-","-","-","-","-","-","-","-","-","-","-","-","-","-","-","-","-","-","-","-","-","-","-","-","12","1"
"397","2","16","11","396","-","-","-","-","-","-","-","-","-","-","-","-","-","-","-","-","-","-","-","-","-","-","-","-","-","-","-","-","-","-","-","-","-","-","-",NA,NA
"398","2","17","1","397","-","-","-","-","-","-","-","-","-","-","-","-","-","-","-","-","-","-","-","-","-","-","-","-","-","-","-","-","-","-","-","-","-","-","-",NA,NA
"399","2","17","2","398","S17I2","-","-","-","-","-","-","-","-","-","-","-","-","-","-","-","-","-","-","-","-","-","-","-","-","-","-","-","-","-","-","-","-","-","-","17","2"
"404","2","17","7","403","S31I5","-","-","-","-","-","-","-","-","-","-","-","-","-","-","-","-","-","-","-","-","-","-","-","-","-","-","-","-","-","-","-","-","-","-","31","5"
"408","2","17","11","407","-","-","-","-","-","-","-","-","-","-","-","-","-","-","-","-","-","-","-","-","-","-","-","-","-","-","-","-","-","-","-","-","-","-","-",NA,NA
"409","2","18","1","408","-","-","-","-","-","-","-","-","-","-","-","-","-","-","-","-","-","-","-","-","-","-","-","-","-","-","-","-","-","-","-","-","-","-","-",NA,NA
"410","2","18","2","409","S35I6","-","-","-","-","-","-","-","-","-","-","-","-","-","-","-","-","-","-","-","-","-","-","-","-","-","-","-","-","-","-","-","-","-","-","35","6"
"411","2","18","3","410","S9I3","-","-","-","-","-","-","-","-","-","-","-","-","-","-","-","-","-","-","-","-","-","-","-","-","-","-","-","-","-","-","-","-","-","-","9","3"
"415","2","18","7","414","S24I5","-","-","-","-","-","-","-","-","-","-","-","-","-","-","-","-","-","-","-","-","-","-","-","-","-","-","-","-","-","-","-","-","-","-","24","5"
"416","2","18","8","415","S14I5","-","-","-","-","-","-","-","-","-","-","-","-","-","-","-","-","-","-","-","-","-","-","-","-","-","-","-","-","-","-","-","-","-","-","14","5"
"417","2","18","9","416","S27I1","-","-","-","-","-","-","-","-","-","-","-","-","-","-","-","-","-","-","-","-","-","-","-","-","-","-","-","-","-","-","-","-","-","-","27","1"
"418","2","18","10","417","S34I3","-","-","-","-","-","-","-","-","-","-","-","-","-","-","-","-","-","-","-","-","-","-","-","-","-","-","-","-","-","-","-","-","-","-","34","3"
"419","2","18","11","418","-","-","-","-","-","-","-","-","-","-","-","-","-","-","-","-","-","-","-","-","-","-","-","-","-","-","-","-","-","-","-","-","-","-","-",NA,NA
"420","2","19","1","419","-","-","-","-","-","-","-","-","-","-","-","-","-","-","-","-","-","-","-","-","-","-","-","-","-","-","-","-","-","-","-","-","-","-","-",NA,NA
"425","2","19","6","424","S34I4","-","-","-","-","-","-","-","-","-","-","-","-","-","-","-","-","-","-","-","-","-","-","-","-","-","-","-","-","-","-","-","-","-","-","34","4"
"426","2","19","7","425","S22I5","-","-","-","-","-","-","-","-","-","-","-","-","-","-","-","-","-","-","-","-","-","-","-","-","-","-","-","-","-","-","-","-","-","-","22","5"
"428","2","19","9","427","S36I2","-","-","-","-","-","-","-","-","-","-","-","-","-","-","-","-","-","-","-","-","-","-","-","-","-","-","-","-","-","-","-","-","-","-","36","2"
"429","2","19","10","428","S23I5","-","-","-","-","-","-","-","-","-","-","-","-","-","-","-","-","-","-","-","-","-","-","-","-","-","-","-","-","-","-","-","-","-","-","23","5"
"430","2","19","11","429","-","-","-","-","-","-","-","-","-","-","-","-","-","-","-","-","-","-","-","-","-","-","-","-","-","-","-","-","-","-","-","-","-","-","-",NA,NA
"431","2","20","1","430","-","-","-","-","-","-","-","-","-","-","-","-","-","-","-","-","-","-","-","-","-","-","-","-","-","-","-","-","-","-","-","-","-","-","-",NA,NA
"432","2","20","2","431","-","-","-","-","-","-","-","-","-","-","-","-","-","-","-","-","-","-","-","-","-","-","-","-","-","-","-","-","-","-","-","-","-","-","-",NA,NA
"433","2","20","3","432","-","-","-","-","-","-","-","-","-","-","-","-","-","-","-","-","-","-","-","-","-","-","-","-","-","-","-","-","-","-","-","-","-","-","-",NA,NA
"434","2","20","4","433","-","-","-","-","-","-","-","-","-","-","-","-","-","-","-","-","-","-","-","-","-","-","-","-","-","-","-","-","-","-","-","-","-","-","-",NA,NA
"435","2","20","5","434","-","-","-","-","-","-","-","-","-","-","-","-","-","-","-","-","-","-","-","-","-","-","-","-","-","-","-","-","-","-","-","-","-","-","-",NA,NA
"436","2","20","6","435","-","-","-","-","-","-","-","-","-","-","-","-","-","-","-","-","-","-","-","-","-","-","-","-","-","-","-","-","-","-","-","-","-","-","-",NA,NA
"437","2","20","7","436","-","-","-","-","-","-","-","-","-","-","-","-","-","-","-","-","-","-","-","-","-","-","-","-","-","-","-","-","-","-","-","-","-","-","-",NA,NA
"438","2","20","8","437","-","-","-","-","-","-","-","-","-","-","-","-","-","-","-","-","-","-","-","-","-","-","-","-","-","-","-","-","-","-","-","-","-","-","-",NA,NA
"439","2","20","9","438","-","-","-","-","-","-","-","-","-","-","-","-","-","-","-","-","-","-","-","-","-","-","-","-","-","-","-","-","-","-","-","-","-","-","-",NA,NA
"440","2","20","10","439","-","-","-","-","-","-","-","-","-","-","-","-","-","-","-","-","-","-","-","-","-","-","-","-","-","-","-","-","-","-","-","-","-","-","-",NA,NA
"441","2","20","11","440","-","-","-","-","-","-","-","-","-","-","-","-","-","-","-","-","-","-","-","-","-","-","-","-","-","-","-","-","-","-","-","-","-","-","-",NA,NA
"442","3","1","1","441","-","-","-","-","-","-","-","-","-","-","-","-","-","-","-","-","-","-","-","-","-","-","-","-","-","-","-","-","-","-","-","-","-","-","-",NA,NA
"443","3","1","2","442","-","-","-","-","-","-","-","-","-","-","-","-","-","-","-","-","-","-","-","-","-","-","-","-","-","-","-","-","-","-","-","-","-","-","-",NA,NA
"444","3","1","3","443","-","-","-","-","-","-","-","-","-","-","-","-","-","-","-","-","-","-","-","-","-","-","-","-","-","-","-","-","-","-","-","-","-","-","-",NA,NA
"445","3","1","4","444","-","-","-","-","-","-","-","-","-","-","-","-","-","-","-","-","-","-","-","-","-","-","-","-","-","-","-","-","-","-","-","-","-","-","-",NA,NA
"446","3","1","5","445","-","-","-","-","-","-","-","-","-","-","-","-","-","-","-","-","-","-","-","-","-","-","-","-","-","-","-","-","-","-","-","-","-","-","-",NA,NA
"447","3","1","6","446","-","-","-","-","-","-","-","-","-","-","-","-","-","-","-","-","-","-","-","-","-","-","-","-","-","-","-","-","-","-","-","-","-","-","-",NA,NA
"448","3","1","7","447","-","-","-","-","-","-","-","-","-","-","-","-","-","-","-","-","-","-","-","-","-","-","-","-","-","-","-","-","-","-","-","-","-","-","-",NA,NA
"449","3","1","8","448","-","-","-","-","-","-","-","-","-","-","-","-","-","-","-","-","-","-","-","-","-","-","-","-","-","-","-","-","-","-","-","-","-","-","-",NA,NA
"450","3","1","9","449","-","-","-","-","-","-","-","-","-","-","-","-","-","-","-","-","-","-","-","-","-","-","-","-","-","-","-","-","-","-","-","-","-","-","-",NA,NA
"451","3","1","10","450","-","-","-","-","-","-","-","-","-","-","-","-","-","-","-","-","-","-","-","-","-","-","-","-","-","-","-","-","-","-","-","-","-","-","-",NA,NA
"452","3","1","11","451","-","-","-","-","-","-","-","-","-","-","-","-","-","-","-","-","-","-","-","-","-","-","-","-","-","-","-","-","-","-","-","-","-","-","-",NA,NA
"453","3","2","1","452","-","-","-","-","-","-","-","-","-","-","-","-","-","-","-","-","-","-","-","-","-","-","-","-","-","-","-","-","-","-","-","-","-","-","-",NA,NA
"457","3","2","5","456","S23I5","-","-","-","-","-","-","-","-","-","-","-","-","-","-","-","-","-","-","-","-","-","-","-","-","-","-","-","-","-","-","-","-","-","-","23","5"
"458","3","2","6","457","S17I2","-","-","-","-","-","-","-","-","-","-","-","-","-","-","-","-","-","-","-","-","-","-","-","-","-","-","-","-","-","-","-","-","-","-","17","2"
"459","3","2","7","458","S35I2","-","-","-","-","-","-","-","-","-","-","-","-","-","-","-","-","-","-","-","-","-","-","-","-","-","-","-","-","-","-","-","-","-","-","35","2"
"460","3","2","8","459","S19I1","-","-","-","-","-","-","-","-","-","-","-","-","-","-","-","-","-","-","-","-","-","-","-","-","-","-","-","-","-","-","-","-","-","-","19","1"
"462","3","2","10","461","S15I1","-","-","-","-","-","-","-","-","-","-","-","-","-","-","-","-","-","-","-","-","-","-","-","-","-","-","-","-","-","-","-","-","-","-","15","1"
"463","3","2","11","462","-","-","-","-","-","-","-","-","-","-","-","-","-","-","-","-","-","-","-","-","-","-","-","-","-","-","-","-","-","-","-","-","-","-","-",NA,NA
"464","3","3","1","463","-","-","-","-","-","-","-","-","-","-","-","-","-","-","-","-","-","-","-","-","-","-","-","-","-","-","-","-","-","-","-","-","-","-","-",NA,NA
"465","3","3","2","464","S38I6","-","-","-","-","-","-","-","-","-","-","-","-","-","-","-","-","-","-","-","-","-","-","-","-","-","-","-","-","-","-","-","-","-","-","38","6"
"474","3","3","11","473","-","-","-","-","-","-","-","-","-","-","-","-","-","-","-","-","-","-","-","-","-","-","-","-","-","-","-","-","-","-","-","-","-","-","-",NA,NA
"475","3","4","1","474","-","-","-","-","-","-","-","-","-","-","-","-","-","-","-","-","-","-","-","-","-","-","-","-","-","-","-","-","-","-","-","-","-","-","-",NA,NA
"477","3","4","3","476","S22I2","-","-","-","-","-","-","-","-","-","-","-","-","-","-","-","-","-","-","-","-","-","-","-","-","-","-","-","-","-","-","-","-","-","-","22","2"
"478","3","4","4","477","S32I2","-","-","-","-","-","-","-","-","-","-","-","-","-","-","-","-","-","-","-","-","-","-","-","-","-","-","-","-","-","-","-","-","-","-","32","2"
"485","3","4","11","484","-","-","-","-","-","-","-","-","-","-","-","-","-","-","-","-","-","-","-","-","-","-","-","-","-","-","-","-","-","-","-","-","-","-","-",NA,NA
"486","3","5","1","485","-","-","-","-","-","-","-","-","-","-","-","-","-","-","-","-","-","-","-","-","-","-","-","-","-","-","-","-","-","-","-","-","-","-","-",NA,NA
"487","3","5","2","486","S35I5","-","-","-","-","-","-","-","-","-","-","-","-","-","-","-","-","-","-","-","-","-","-","-","-","-","-","-","-","-","-","-","-","-","-","35","5"
"490","3","5","5","489","S22I5","-","-","-","-","-","-","-","-","-","-","-","-","-","-","-","-","-","-","-","-","-","-","-","-","-","-","-","-","-","-","-","-","-","-","22","5"
"496","3","5","11","495","-","-","-","-","-","-","-","-","-","-","-","-","-","-","-","-","-","-","-","-","-","-","-","-","-","-","-","-","-","-","-","-","-","-","-",NA,NA
"497","3","6","1","496","-","-","-","-","-","-","-","-","-","-","-","-","-","-","-","-","-","-","-","-","-","-","-","-","-","-","-","-","-","-","-","-","-","-","-",NA,NA
"502","3","6","6","501","S12I1","-","-","-","-","-","-","-","-","-","-","-","-","-","-","-","-","-","-","-","-","-","-","-","-","-","-","-","-","-","-","-","-","-","-","12","1"
"507","3","6","11","506","-","-","-","-","-","-","-","-","-","-","-","-","-","-","-","-","-","-","-","-","-","-","-","-","-","-","-","-","-","-","-","-","-","-","-",NA,NA
"508","3","7","1","507","-","-","-","-","-","-","-","-","-","-","-","-","-","-","-","-","-","-","-","-","-","-","-","-","-","-","-","-","-","-","-","-","-","-","-",NA,NA
"510","3","7","3","509","S3I1","-","-","-","-","-","-","-","-","-","-","-","-","-","-","-","-","-","-","-","-","-","-","-","-","-","-","-","-","-","-","-","-","-","-","3","1"
"516","3","7","9","515","S39I6","-","-","-","-","-","-","-","-","-","-","-","-","-","-","-","-","-","-","-","-","-","-","-","-","-","-","-","-","-","-","-","-","-","-","39","6"
"517","3","7","10","516","S13I2","-","-","-","-","-","-","-","-","-","-","-","-","-","-","-","-","-","-","-","-","-","-","-","-","-","-","-","-","-","-","-","-","-","-","13","2"
"518","3","7","11","517","-","-","-","-","-","-","-","-","-","-","-","-","-","-","-","-","-","-","-","-","-","-","-","-","-","-","-","-","-","-","-","-","-","-","-",NA,NA
"519","3","8","1","518","-","-","-","-","-","-","-","-","-","-","-","-","-","-","-","-","-","-","-","-","-","-","-","-","-","-","-","-","-","-","-","-","-","-","-",NA,NA
"524","3","8","6","523","S9I3","-","-","-","-","-","-","-","-","-","-","-","-","-","-","-","-","-","-","-","-","-","-","-","-","-","-","-","-","-","-","-","-","-","-","9","3"
"528","3","8","10","527","S2I6","-","-","-","-","-","-","-","-","","-","-","-","-","-","-","-","-","-","-","-","-","-","-","-","-","-","-","-","-","-","-","-","-","-","2","6"
"529","3","8","11","528","-","-","-","-","-","-","-","-","-","-","-","-","-","-","-","-","-","-","-","-","-","-","-","-","-","-","-","-","-","-","-","-","-","-","-",NA,NA
"534","3","9","5","533","S35I5","-","-","-","-","-","-","-","-","-","-","-","-","-","-","-","-","-","-","-","-","-","-","-","-","-","-","-","-","-","-","-","-","-","-","35","5"
"538","3","9","9","537","S17I2","-","-","-","-","-","-","-","-","-","-","-","-","-","-","-","-","-","-","-","-","-","-","-","-","-","-","-","-","-","-","-","-","-","-","17","2"
"540","3","9","11","539","-","-","-","-","-","-","-","-","-","-","-","-","-","-","-","-","-","-","-","-","-","-","-","-","-","-","-","-","-","-","-","-","-","-","-",NA,NA
"541","3","10","1","540","-","-","-","-","-","-","-","-","-","-","-","-","-","-","-","-","-","-","-","-","-","-","-","-","-","-","-","-","-","-","-","-","-","-","-",NA,NA
"546","3","10","6","545","S16I5","-","-","-","-","-","-","-","-","-","-","-","-","-","-","-","-","-","-","-","-","-","-","-","-","-","-","-","-","-","-","-","-","-","-","16","5"
"551","3","10","11","550","-","-","-","-","-","-","-","-","-","-","-","-","-","-","-","-","-","-","-","-","-","-","-","-","-","-","-","-","-","-","-","-","-","-","-",NA,NA
"552","3","11","1","551","-","-","-","-","-","-","-","-","-","-","-","-","-","-","-","-","-","-","-","-","-","-","-","-","-","-","-","-","-","-","-","-","-","-","-",NA,NA
"561","3","11","10","560","S9I2","-","-","-","-","-","-","-","-","-","-","-","-","-","-","-","-","-","-","-","-","-","-","-","-","-","-","-","-","-","-","-","-","-","-","9","2"
"562","3","11","11","561","-","-","-","-","-","-","-","-","-","-","-","-","-","-","-","-","-","-","-","-","-","-","-","-","-","-","-","-","-","-","-","-","-","-","-",NA,NA
"563","3","12","1","562","-","-","-","-","-","-","-","-","-","-","-","-","-","-","-","-","-","-","-","-","-","-","-","-","-","-","-","-","-","-","-","-","-","-","-",NA,NA
"569","3","12","7","568","S22I5","-","-","-","-","-","-","-","-","-","-","-","-","-","-","-","-","-","-","-","-","-","-","-","-","-","-","-","-","-","-","-","-","-","-","22","5"
"571","3","12","9","570","S1I8","-","-","-","-","-","-","-","-","-","-","-","-","-","-","-","-","-","-","-","-","-","-","-","-","-","-","-","-","-","-","-","-","-","-","1","8"
"573","3","12","11","572","-","-","-","-","-","-","-","-","-","-","-","-","-","-","-","-","-","-","-","-","-","-","-","-","-","-","-","-","-","-","-","-","-","-","-",NA,NA
"574","3","13","1","573","-","-","-","-","-","-","-","-","-","-","-","-","-","-","-","-","-","-","-","-","-","-","-","-","-","-","-","-","-","-","-","-","-","-","-",NA,NA
"575","3","13","2","574","S16I4","-","-","-","-","-","-","-","-","-","-","-","-","-","-","-","-","-","-","-","-","-","-","-","-","-","-","-","-","-","-","-","-","-","-","16","4"
"584","3","13","11","583","-","-","-","-","-","-","-","-","-","-","-","-","-","-","-","-","-","-","-","-","-","-","-","-","-","-","-","-","-","-","-","-","-","-","-",NA,NA
"585","3","14","1","584","-","-","-","-","-","-","-","-","-","-","-","-","-","-","-","-","-","-","-","-","-","-","-","-","-","-","-","-","-","-","-","-","-","-","-",NA,NA
"586","3","14","2","585","S9I3","-","-","-","-","-","-","-","-","-","-","-","-","-","-","-","-","-","-","-","-","-","-","-","-","-","-","-","-","-","-","-","-","-","-","9","3"
"588","3","14","4","587","S2I6","-","-","-","-","-","-","-","-","-","-","-","-","-","-","-","-","-","-","-","-","-","-","-","-","-","-","-","-","-","-","-","-","-","-","2","6"
"590","3","14","6","589","S3I6","-","-","-","-","-","-","-","-","-","-","-","-","-","-","-","-","-","-","-","-","-","-","-","-","-","-","-","-","-","-","-","-","-","-","3","6"
"591","3","14","7","590","S29I3","-","-","-","-","-","-","-","-","-","-","-","-","-","-","-","-","-","-","-","-","-","-","-","-","-","-","-","-","-","-","-","-","-","-","29","3"
"594","3","14","10","593","S37I3","-","-","-","-","-","-","-","-","-","-","-","-","-","-","-","-","-","-","-","-","-","-","-","-","-","-","-","-","-","-","-","-","-","-","37","3"
"595","3","14","11","594","-","-","-","-","-","-","-","-","-","-","-","-","-","-","-","-","-","-","-","-","-","-","-","-","-","-","-","-","-","-","-","-","-","-","-",NA,NA
"596","3","15","1","595","-","-","-","-","-","-","-","-","-","-","-","-","-","-","-","-","-","-","-","-","-","-","-","-","-","-","-","-","-","-","-","-","-","-","-",NA,NA
"605","3","15","10","604","S14I6","-","-","-","-","-","-","-","-","-","-","-","-","-","-","-","-","-","-","-","-","-","-","-","-","-","-","-","-","-","-","-","-","-","-","14","6"
"606","3","15","11","605","-","-","-","-","-","-","-","-","-","-","-","-","-","-","-","-","-","-","-","-","-","-","-","-","-","-","-","-","-","-","-","-","-","-","-",NA,NA
"607","3","16","1","606","-","-","-","-","-","-","-","-","-","-","-","-","-","-","-","-","-","-","-","-","-","-","-","-","-","-","-","-","-","-","-","-","-","-","-",NA,NA
"617","3","16","11","616","-","-","-","-","-","-","-","-","-","-","-","-","-","-","-","-","-","-","-","-","-","-","-","-","-","-","-","-","-","-","-","-","-","-","-",NA,NA
"618","3","17","1","617","-","-","-","-","-","-","-","-","-","-","-","-","-","-","-","-","-","-","-","-","-","-","-","-","-","-","-","-","-","-","-","-","-","-","-",NA,NA
"628","3","17","11","627","-","-","-","-","-","-","-","-","-","-","-","-","-","-","-","-","-","-","-","-","-","-","-","-","-","-","-","-","-","-","-","-","-","-","-",NA,NA
"629","3","18","1","628","-","-","-","-","-","-","-","-","-","-","-","-","-","-","-","-","-","-","-","-","-","-","-","-","-","-","-","-","-","-","-","-","-","-","-",NA,NA
"632","3","18","4","631","S3I6","-","-","-","-","-","-","-","-","-","-","-","-","-","-","-","-","-","-","-","-","-","-","-","-","-","-","-","-","-","-","-","-","-","-","3","6"
"633","3","18","5","632","S36I4","-","-","-","-","-","-","-","-","-","-","-","-","-","-","-","-","-","-","-","-","-","-","-","-","-","-","-","-","-","-","-","-","-","-","36","4"
"635","3","18","7","634","S6I6","-","-","-","-","-","-","-","-","-","-","-","-","-","-","-","-","-","-","-","-","-","-","-","-","-","-","-","-","-","-","-","-","-","-","6","6"
"636","3","18","8","635","S25I1","-","-","-","-","-","-","-","-","-","-","-","-","-","-","-","-","-","-","-","-","-","-","-","-","-","-","-","-","-","-","-","-","-","-","25","1"
"637","3","18","9","636","S34I1","-","-","-","-","-","-","-","-","-","-","-","-","-","-","-","-","-","-","-","-","-","-","-","-","-","-","-","-","-","-","-","-","-","-","34","1"
"639","3","18","11","638","-","-","-","-","-","-","-","-","-","-","-","-","-","-","-","-","-","-","-","-","-","-","-","-","-","-","-","-","-","-","-","-","-","-","-",NA,NA
"640","3","19","1","639","-","-","-","-","-","-","-","-","-","-","-","-","-","-","-","-","-","-","-","-","-","-","-","-","-","-","-","-","-","-","-","-","-","-","-",NA,NA
"642","3","19","3","641","S30I1","-","-","-","-","-","-","-","-","-","-","-","-","-","-","-","-","-","-","-","-","-","-","-","-","-","-","-","-","-","-","-","-","-","-","30","1"
"648","3","19","9","647","S13I2","-","-","-","-","-","-","-","-","-","-","-","-","-","-","-","-","-","-","-","-","-","-","-","-","-","-","-","-","-","-","-","-","-","-","13","2"
"650","3","19","11","649","-","-","-","-","-","-","-","-","-","-","-","-","-","-","-","-","-","-","-","-","-","-","-","-","-","-","-","-","-","-","-","-","-","-","-",NA,NA
"651","3","20","1","650","-","-","-","-","-","-","-","-","-","-","-","-","-","-","-","-","-","-","-","-","-","-","-","-","-","-","-","-","-","-","-","-","-","-","-",NA,NA
"652","3","20","2","651","-","-","-","-","-","-","-","-","-","-","-","-","-","-","-","-","-","-","-","-","-","-","-","-","-","-","-","-","-","-","-","-","-","-","-",NA,NA
"653","3","20","3","652","-","-","-","-","-","-","-","-","-","-","-","-","-","-","-","-","-","-","-","-","-","-","-","-","-","-","-","-","-","-","-","-","-","-","-",NA,NA
"654","3","20","4","653","-","-","-","-","-","-","-","-","-","-","-","-","-","-","-","-","-","-","-","-","-","-","-","-","-","-","-","-","-","-","-","-","-","-","-",NA,NA
"655","3","20","5","654","-","-","-","-","-","-","-","-","-","-","-","-","-","-","-","-","-","-","-","-","-","-","-","-","-","-","-","-","-","-","-","-","-","-","-",NA,NA
"656","3","20","6","655","-","-","-","-","-","-","-","-","-","-","-","-","-","-","-","-","-","-","-","-","-","-","-","-","-","-","-","-","-","-","-","-","-","-","-",NA,NA
"657","3","20","7","656","-","-","-","-","-","-","-","-","-","-","-","-","-","-","-","-","-","-","-","-","-","-","-","-","-","-","-","-","-","-","-","-","-","-","-",NA,NA
"658","3","20","8","657","-","-","-","-","-","-","-","-","-","-","-","-","-","-","-","-","-","-","-","-","-","-","-","-","-","-","-","-","-","-","-","-","-","-","-",NA,NA
"659","3","20","9","658","-","-","-","-","-","-","-","-","-","-","-","-","-","-","-","-","-","-","-","-","-","-","-","-","-","-","-","-","-","-","-","-","-","-","-",NA,NA
"660","3","20","10","659","-","-","-","-","-","-","-","-","-","-","-","-","-","-","-","-","-","-","-","-","-","-","-","-","-","-","-","-","-","-","-","-","-","-","-",NA,NA
"661","3","20","11","660","-","-","-","-","-","-","-","-","-","-","-","-","-","-","-","-","-","-","-","-","-","-","-","-","-","-","-","-","-","-","-","-","-","-","-",NA,NA
"662","4","1","1","661","-","-","-","-","-","-","-","-","-","-","-","-","-","-","-","-","-","-","-","-","-","-","-","-","-","-","-","-","-","-","-","-","-","-","-",NA,NA
"663","4","1","2","662","-","-","-","-","-","-","-","-","-","-","-","-","-","-","-","-","-","-","-","-","-","-","-","-","-","-","-","-","-","-","-","-","-","-","-",NA,NA
"664","4","1","3","663","-","-","-","-","-","-","-","-","-","-","-","-","-","-","-","-","-","-","-","-","-","-","-","-","-","-","-","-","-","-","-","-","-","-","-",NA,NA
"665","4","1","4","664","-","-","-","-","-","-","-","-","-","-","-","-","-","-","-","-","-","-","-","-","-","-","-","-","-","-","-","-","-","-","-","-","-","-","-",NA,NA
"666","4","1","5","665","-","-","-","-","-","-","-","-","-","-","-","-","-","-","-","-","-","-","-","-","-","-","-","-","-","-","-","-","-","-","-","-","-","-","-",NA,NA
"667","4","1","6","666","-","-","-","-","-","-","-","-","-","-","-","-","-","-","-","-","-","-","-","-","-","-","-","-","-","-","-","-","-","-","-","-","-","-","-",NA,NA
"668","4","1","7","667","-","-","-","-","-","-","-","-","-","-","-","-","-","-","-","-","-","-","-","-","-","-","-","-","-","-","-","-","-","-","-","-","-","-","-",NA,NA
"669","4","1","8","668","-","-","-","-","-","-","-","-","-","-","-","-","-","-","-","-","-","-","-","-","-","-","-","-","-","-","-","-","-","-","-","-","-","-","-",NA,NA
"670","4","1","9","669","-","-","-","-","-","-","-","-","-","-","-","-","-","-","-","-","-","-","-","-","-","-","-","-","-","-","-","-","-","-","-","-","-","-","-",NA,NA
"671","4","1","10","670","-","-","-","-","-","-","-","-","-","-","-","-","-","-","-","-","-","-","-","-","-","-","-","-","-","-","-","-","-","-","-","-","-","-","-",NA,NA
"672","4","1","11","671","-","-","-","-","-","-","-","-","-","-","-","-","-","-","-","-","-","-","-","-","-","-","-","-","-","-","-","-","-","-","-","-","-","-","-",NA,NA
"673","4","2","1","672","-","-","-","-","-","-","-","-","-","-","-","-","-","-","-","-","-","-","-","-","-","-","-","-","-","-","-","-","-","-","-","-","-","-","-",NA,NA
"674","4","2","2","673","S13I2","-","-","-","-","-","-","-","-","-","-","-","-","-","-","-","-","-","-","-","-","-","-","-","-","-","-","-","-","-","-","-","-","-","-","13","2"
"675","4","2","3","674","S34I4","-","-","-","-","-","-","-","-","-","-","-","-","-","-","-","-","-","-","-","-","-","-","-","-","-","-","-","-","-","-","-","-","-","-","34","4"
"677","4","2","5","676","S17I1","-","-","-","-","-","-","-","-","-","-","-","-","-","-","-","-","-","-","-","-","-","-","-","-","-","-","-","-","-","-","-","-","-","-","17","1"
"678","4","2","6","677","S27I2","-","-","-","-","-","-","-","-","-","-","-","-","-","-","-","-","-","-","-","-","-","-","-","-","-","-","-","-","-","-","-","-","-","-","27","2"
"680","4","2","8","679","S39I1","-","-","-","-","-","-","-","-","-","-","-","-","-","-","-","-","-","-","-","-","-","-","-","-","-","-","-","-","-","-","-","-","-","-","39","1"
"682","4","2","10","681","S34I4","-","-","-","-","-","-","-","-","-","-","-","-","-","-","-","-","-","-","-","-","-","-","-","-","-","-","-","-","-","-","-","-","-","-","34","4"
"683","4","2","11","682","-","-","-","-","-","-","-","-","-","-","-","-","-","-","-","-","-","-","-","-","-","-","-","-","-","-","-","-","-","-","-","-","-","-","-",NA,NA
"684","4","3","1","683","-","-","-","-","-","-","-","-","-","-","-","-","-","-","-","-","-","-","-","-","-","-","-","-","-","-","-","-","-","-","-","-","-","-","-",NA,NA
"685","4","3","2","684","S39I3","-","-","-","-","-","-","-","-","-","-","-","-","-","-","-","-","-","-","-","-","-","-","-","-","-","-","-","-","-","-","-","-","-","-","39","3"
"688","4","3","5","687","S33I3","-","-","-","-","-","-","-","-","-","-","-","-","-","-","-","-","-","-","-","-","-","-","-","-","-","-","-","-","-","-","-","-","-","-","33","3"
"689","4","3","6","688","S14I5","-","-","-","-","-","-","-","-","-","-","-","-","-","-","-","-","-","-","-","-","-","-","-","-","-","-","-","-","-","-","-","-","-","-","14","5"
"691","4","3","8","690","S19I1","-","-","-","-","-","-","-","-","-","-","-","-","-","-","-","-","-","-","-","-","-","-","-","-","-","-","-","-","-","-","-","-","-","-","19","1"
"692","4","3","9","691","S12I1","-","-","-","-","-","-","-","-","-","-","-","-","-","-","-","-","-","-","-","-","-","-","-","-","-","-","-","-","-","-","-","-","-","-","12","1"
"693","4","3","10","692","S9I3","-","-","-","-","-","-","-","-","-","-","-","-","-","-","-","-","-","-","-","-","-","-","-","-","-","-","-","-","-","-","-","-","-","-","9","3"
"694","4","3","11","693","-","-","-","-","-","-","-","-","-","-","-","-","-","-","-","-","-","-","-","-","-","-","-","-","-","-","-","-","-","-","-","-","-","-","-",NA,NA
"695","4","4","1","694","-","-","-","-","-","-","-","-","-","-","-","-","-","-","-","-","-","-","-","-","-","-","-","-","-","-","-","-","-","-","-","-","-","-","-",NA,NA
"696","4","4","2","695","S9I2","-","-","-","-","-","-","-","-","-","-","-","-","-","-","-","-","-","-","-","-","-","-","-","-","-","-","-","-","-","-","-","-","-","-","9","2"
"700","4","4","6","699","S2I6","-","-","-","-","-","-","-","-","-","-","-","-","-","-","-","-","-","-","-","-","-","-","-","-","-","-","-","-","-","-","-","-","-","-","2","6"
"702","4","4","8","701","S34I1","-","-","-","-","-","-","-","-","-","-","-","-","-","-","-","-","-","-","-","-","-","-","-","-","-","-","-","-","-","-","-","-","-","-","34","1"
"703","4","4","9","702","S22I5","-","-","-","-","-","-","-","-","-","-","-","-","-","-","-","-","-","-","-","-","-","-","-","-","-","-","-","-","-","-","-","-","-","-","22","5"
"704","4","4","10","703","S16I4","-","-","-","-","-","-","-","-","-","-","-","-","-","-","-","-","-","-","-","-","-","-","-","-","-","-","-","-","-","-","-","-","-","-","16","4"
"705","4","4","11","704","-","-","-","-","-","-","-","-","-","-","-","-","-","-","-","-","-","-","-","-","-","-","-","-","-","-","-","-","-","-","-","-","-","-","-",NA,NA
"706","4","5","1","705","-","-","-","-","-","-","-","-","-","-","-","-","-","-","-","-","-","-","-","-","-","-","-","-","-","-","-","-","-","-","-","-","-","-","-",NA,NA
"707","4","5","2","706","S3I1","-","-","-","-","-","-","-","-","-","-","-","-","-","-","-","-","-","-","-","-","-","-","-","-","-","-","-","-","-","-","-","-","-","-","3","1"
"708","4","5","3","707","S33I1","-","-","-","-","-","-","-","-","-","-","-","-","-","-","-","-","-","-","-","-","-","-","-","-","-","-","-","-","-","-","-","-","-","-","33","1"
"710","4","5","5","709","S32I4","-","-","-","-","-","-","-","-","-","-","-","-","-","-","-","-","-","-","-","-","-","-","-","-","-","-","-","-","-","-","-","-","-","-","32","4"
"715","4","5","10","714","S17I2","-","-","-","-","-","-","-","-","-","-","-","-","-","-","-","-","-","-","-","-","-","-","-","-","-","-","-","-","-","-","-","-","-","-","17","2"
"716","4","5","11","715","-","-","-","-","-","-","-","-","-","-","-","-","-","-","-","-","-","-","-","-","-","-","-","-","-","-","-","-","-","-","-","-","-","-","-",NA,NA
"717","4","6","1","716","-","-","-","-","-","-","-","-","-","-","-","-","-","-","-","-","-","-","-","-","-","-","-","-","-","-","-","-","-","-","-","-","-","-","-",NA,NA
"720","4","6","4","719","S39I1","-","-","-","-","-","-","-","-","-","-","-","-","-","-","-","-","-","-","-","-","-","-","-","-","-","-","-","-","-","-","-","-","-","-","39","1"
"721","4","6","5","720","S14I5","-","-","-","-","-","-","-","-","-","-","-","-","-","-","-","-","-","-","-","-","-","-","-","-","-","-","-","-","-","-","-","-","-","-","14","5"
"723","4","6","7","722","S14I6","-","-","-","-","-","-","-","-","-","-","-","-","-","-","-","-","-","-","-","-","-","-","-","-","-","-","-","-","-","-","-","-","-","-","14","6"
"727","4","6","11","726","-","-","-","-","-","-","-","-","-","-","-","-","-","-","-","-","-","-","-","-","-","-","-","-","-","-","-","-","-","-","-","-","-","-","-",NA,NA
"728","4","7","1","727","-","-","-","-","-","-","-","-","-","-","-","-","-","-","-","-","-","-","-","-","-","-","-","-","-","-","-","-","-","-","-","-","-","-","-",NA,NA
"729","4","7","2","728","S37I5","-","-","-","-","-","-","-","-","-","-","-","-","-","-","-","-","-","-","-","-","-","-","-","-","-","-","-","-","-","-","-","-","-","-","37","5"
"733","4","7","6","732","S6I6","-","-","-","-","-","-","-","-","-","-","-","-","-","-","-","-","-","-","-","-","-","-","-","-","-","-","-","-","-","-","-","-","-","-","6","6"
"738","4","7","11","737","-","-","-","-","-","-","-","-","-","-","-","-","-","-","-","-","-","-","-","-","-","-","-","-","-","-","-","-","-","-","-","-","-","-","-",NA,NA
"739","4","8","1","738","-","-","-","-","-","-","-","-","-","-","-","-","-","-","-","-","-","-","-","-","-","-","-","-","-","-","-","-","-","-","-","-","-","-","-",NA,NA
"741","4","8","3","740","S27I3","-","-","-","-","-","-","-","-","-","-","-","-","-","-","-","-","-","-","-","-","-","-","-","-","-","-","-","-","-","-","-","-","-","-","27","3"
"742","4","8","4","741","S24I5","-","-","-","-","-","-","-","-","-","-","-","-","-","-","-","-","-","-","-","-","-","-","-","-","-","-","-","-","-","-","-","-","-","-","24","5"
"744","4","8","6","743","S14I6","-","-","-","-","-","-","-","-","-","-","-","-","-","-","-","-","-","-","-","-","-","-","-","-","-","-","-","-","-","-","-","-","-","-","14","6"
"746","4","8","8","745","S31I5","-","-","-","-","-","-","-","-","-","-","-","-","-","-","-","-","-","-","-","-","-","-","-","-","-","-","-","-","-","-","-","-","-","-","31","5"
"747","4","8","9","746","S29I3","-","-","-","-","-","-","-","-","-","-","-","-","-","-","-","-","-","-","-","-","-","-","-","-","-","-","-","-","-","-","-","-","-","-","29","3"
"748","4","8","10","747","S13I2","-","-","-","-","-","-","-","-","-","-","-","-","-","-","-","-","-","-","-","-","-","-","-","-","-","-","-","-","-","-","-","-","-","-","13","2"
"749","4","8","11","748","-","-","-","-","-","-","-","-","-","-","-","-","-","-","-","-","-","-","-","-","-","-","-","-","-","-","-","-","-","-","-","-","-","-","-",NA,NA
"750","4","9","1","749","-","-","-","-","-","-","-","-","-","-","-","-","-","-","-","-","-","-","-","-","-","-","-","-","-","-","-","-","-","-","-","-","-","-","-",NA,NA
"751","4","9","2","750","S2I5","-","-","-","-","-","-","-","-","-","-","-","-","-","-","-","-","-","-","-","-","-","-","-","-","-","-","-","-","-","-","-","-","-","-","2","5"
"753","4","9","4","752","S25I1","-","-","-","-","-","-","-","-","-","-","-","-","-","-","-","-","-","-","-","-","-","-","-","-","-","-","-","-","-","-","-","-","-","-","25","1"
"754","4","9","5","753","S23I5","-","-","-","-","-","-","-","-","-","-","-","-","-","-","-","-","-","-","-","-","-","-","-","-","-","-","-","-","-","-","-","-","-","-","23","5"
"756","4","9","7","755","S36I2","-","-","-","-","-","-","-","-","-","-","-","-","-","-","-","-","-","-","-","-","-","-","-","-","-","-","-","-","-","-","-","-","-","-","36","2"
"758","4","9","9","757","S39I6","-","-","-","-","-","-","-","-","-","-","-","-","-","-","-","-","-","-","-","-","-","-","-","-","-","-","-","-","-","-","-","-","-","-","39","6"
"760","4","9","11","759","-","-","-","-","-","-","-","-","-","-","-","-","-","-","-","-","-","-","-","-","-","-","-","-","-","-","-","-","-","-","-","-","-","-","-",NA,NA
"761","4","10","1","760","-","-","-","-","-","-","-","-","-","-","-","-","-","-","-","-","-","-","-","-","-","-","-","-","-","-","-","-","-","-","-","-","-","-","-",NA,NA
"762","4","10","2","761","S26I1","-","-","-","-","-","-","-","-","-","-","-","-","-","-","-","-","-","-","-","-","-","-","-","-","-","-","-","-","-","-","-","-","-","-","26","1"
"764","4","10","4","763","S40I5","-","-","-","-","-","-","-","-","-","-","-","-","-","-","-","-","-","-","-","-","-","-","-","-","-","-","-","-","-","-","-","-","-","-","40","5"
"768","4","10","8","767","S28I2","-","-","-","-","-","-","-","-","-","-","-","-","-","-","-","-","-","-","-","-","-","-","-","-","-","-","-","-","-","-","-","-","-","-","28","2"
"769","4","10","9","768","S28I1","-","-","-","-","-","-","-","-","-","-","-","-","-","-","-","-","-","-","-","-","-","-","-","-","-","-","-","-","-","-","-","-","-","-","28","1"
"770","4","10","10","769","S28I2","-","-","-","-","-","-","-","-","-","-","-","-","-","-","-","-","-","-","-","-","-","-","-","-","-","-","-","-","-","-","-","-","-","-","28","2"
"771","4","10","11","770","-","-","-","-","-","-","-","-","-","-","-","-","-","-","-","-","-","-","-","-","-","-","-","-","-","-","-","-","-","-","-","-","-","-","-",NA,NA
"772","4","11","1","771","-","-","-","-","-","-","-","-","-","-","-","-","-","-","-","-","-","-","-","-","-","-","-","-","-","-","-","-","-","-","-","-","-","-","-",NA,NA
"775","4","11","4","774","S9I2","-","-","-","-","-","-","-","-","-","-","-","-","-","-","-","-","-","-","-","-","-","-","-","-","-","-","-","-","-","-","-","-","-","-","9","2"
"776","4","11","5","775","S34I3","-","-","-","-","-","-","-","-","-","-","-","-","-","-","-","-","-","-","-","-","-","-","-","-","-","-","-","-","-","-","-","-","-","-","34","3"
"777","4","11","6","776","S33I4","-","-","-","-","-","-","-","-","-","-","-","-","-","-","-","-","-","-","-","-","-","-","-","-","-","-","-","-","-","-","-","-","-","-","33","4"
"778","4","11","7","777","S36I4","-","-","-","-","-","-","-","-","-","-","-","-","-","-","-","-","-","-","-","-","-","-","-","-","-","-","-","-","-","-","-","-","-","-","36","4"
"779","4","11","8","778","S31I2","-","-","-","-","-","-","-","-","-","-","-","-","-","-","-","-","-","-","-","-","-","-","-","-","-","-","-","-","-","-","-","-","-","-","31","2"
"780","4","11","9","779","S29I4","-","-","-","-","-","-","-","-","-","-","-","-","-","-","-","-","-","-","-","-","-","-","-","-","-","-","-","-","-","-","-","-","-","-","29","4"
"781","4","11","10","780","S15I1","-","-","-","-","-","-","-","-","-","-","-","-","-","-","-","-","-","-","-","-","-","-","-","-","-","-","-","-","-","-","-","-","-","-","15","1"
"782","4","11","11","781","-","-","-","-","-","-","-","-","-","-","-","-","-","-","-","-","-","-","-","-","-","-","-","-","-","-","-","-","-","-","-","-","-","-","-",NA,NA
"783","4","12","1","782","-","-","-","-","-","-","-","-","-","-","-","-","-","-","-","-","-","-","-","-","-","-","-","-","-","-","-","-","-","-","-","-","-","-","-",NA,NA
"787","4","12","5","786","S37I4","-","-","-","-","-","-","-","-","-","-","-","-","-","-","-","-","-","-","-","-","-","-","-","-","-","-","-","-","-","-","-","-","-","-","37","4"
"793","4","12","11","792","-","-","-","-","-","-","-","-","-","-","-","-","-","-","-","-","-","-","-","-","-","-","-","-","-","-","-","-","-","-","-","-","-","-","-",NA,NA
"794","4","13","1","793","-","-","-","-","-","-","-","-","-","-","-","-","-","-","-","-","-","-","-","-","-","-","-","-","-","-","-","-","-","-","-","-","-","-","-",NA,NA
"795","4","13","2","794","S29I1","-","-","-","-","-","-","-","-","-","-","-","-","-","-","-","-","-","-","-","-","-","-","-","-","-","-","-","-","-","-","-","-","-","-","29","1"
"796","4","13","3","795","S34I1","-","-","-","-","-","-","-","-","-","-","-","-","-","-","-","-","-","-","-","-","-","-","-","-","-","-","-","-","-","-","-","-","-","-","34","1"
"797","4","13","4","796","S6I6","-","-","-","-","-","-","-","-","-","-","-","-","-","-","-","-","-","-","-","-","-","-","-","-","-","-","-","-","-","-","-","-","-","-","6","6"
"798","4","13","5","797","S31I2","-","-","-","-","-","-","-","-","-","-","-","-","-","-","-","-","-","-","-","-","-","-","-","-","-","-","-","-","-","-","-","-","-","-","31","2"
"799","4","13","6","798","S19I1","-","-","-","-","-","-","-","-","-","-","-","-","-","-","-","-","-","-","-","-","-","-","-","-","-","-","-","-","-","-","-","-","-","-","19","1"
"801","4","13","8","800","S14I1","-","-","-","-","-","-","-","-","-","-","-","-","-","-","-","-","-","-","-","-","-","-","-","-","-","-","-","-","-","-","-","-","-","-","14","1"
"803","4","13","10","802","S38I1","-","-","-","-","-","-","-","-","-","-","-","-","-","-","-","-","-","-","-","-","-","-","-","-","-","-","-","-","-","-","-","-","-","-","38","1"
"804","4","13","11","803","-","-","-","-","-","-","-","-","-","-","-","-","-","-","-","-","-","-","-","-","-","-","-","-","-","-","-","-","-","-","-","-","-","-","-",NA,NA
"805","4","14","1","804","-","-","-","-","-","-","-","-","-","-","-","-","-","-","-","-","-","-","-","-","-","-","-","-","-","-","-","-","-","-","-","-","-","-","-",NA,NA
"808","4","14","4","807","S20I3","-","-","-","-","-","-","-","-","-","-","-","-","-","-","-","-","-","-","-","-","-","-","-","-","-","-","-","-","-","-","-","-","-","-","20","3"
"809","4","14","5","808","S32I2","-","-","-","-","-","-","-","-","-","-","-","-","-","-","-","-","-","-","-","-","-","-","-","-","-","-","-","-","-","-","-","-","-","-","32","2"
"810","4","14","6","809","S27I1","-","-","-","-","-","-","-","-","-","-","-","-","-","-","-","-","-","-","-","-","-","-","-","-","-","-","-","-","-","-","-","-","-","-","27","1"
"812","4","14","8","811","S34I3","-","-","-","-","-","-","-","-","-","-","-","-","-","-","-","-","-","-","-","-","-","-","-","-","-","-","-","-","-","-","-","-","-","-","34","3"
"813","4","14","9","812","S38I1","-","-","-","-","-","-","-","-","-","-","-","-","-","-","-","-","-","-","-","-","-","-","-","-","-","-","-","-","-","-","-","-","-","-","38","1"
"815","4","14","11","814","-","-","-","-","-","-","-","-","-","-","-","-","-","-","-","-","-","-","-","-","-","-","-","-","-","-","-","-","-","-","-","-","-","-","-",NA,NA
"816","4","15","1","815","-","-","-","-","-","-","-","-","-","-","-","-","-","-","-","-","-","-","-","-","-","-","-","-","-","-","-","-","-","-","-","-","-","-","-",NA,NA
"822","4","15","7","821","S13I1","-","-","-","-","-","-","-","-","-","-","-","-","-","-","-","-","-","-","-","-","-","-","-","-","-","-","-","-","-","-","-","-","-","-","13","1"
"823","4","15","8","822","S38I4","-","-","-","-","-","-","-","-","-","-","-","-","-","-","-","-","-","-","-","-","-","-","-","-","-","-","-","-","-","-","-","-","-","-","38","4"
"824","4","15","9","823","S25I1","-","-","-","-","-","-","-","-","-","-","-","-","-","-","-","-","-","-","-","-","-","-","-","-","-","-","-","-","-","-","-","-","-","-","25","1"
"826","4","15","11","825","-","-","-","-","-","-","-","-","-","-","-","-","-","-","-","-","-","-","-","-","-","-","-","-","-","-","-","-","-","-","-","-","-","-","-",NA,NA
"827","4","16","1","826","-","-","-","-","-","-","-","-","-","-","-","-","-","-","-","-","-","-","-","-","-","-","-","-","-","-","-","-","-","-","-","-","-","-","-",NA,NA
"828","4","16","2","827","S1I11","-","-","-","-","-","-","-","-","-","-","-","-","-","-","-","-","-","-","-","-","-","-","-","-","-","-","-","-","-","-","-","-","-","-","1","11"
"830","4","16","4","829","S33I2","-","-","-","-","-","-","-","-","-","-","-","-","-","-","-","-","-","-","-","-","-","-","-","-","-","-","-","-","-","-","-","-","-","-","33","2"
"831","4","16","5","830","S35I5","-","-","-","-","-","-","-","-","-","-","-","-","-","-","-","-","-","-","-","-","-","-","-","-","-","-","-","-","-","-","-","-","-","-","35","5"
"832","4","16","6","831","S12I1","-","-","-","-","-","-","-","-","-","-","-","-","-","-","-","-","-","-","-","-","-","-","-","-","-","-","-","-","-","-","-","-","-","-","12","1"
"834","4","16","8","833","S36I1","-","-","-","-","-","-","-","-","-","-","-","-","-","-","-","-","-","-","-","-","-","-","-","-","-","-","-","-","-","-","-","-","-","-","36","1"
"835","4","16","9","834","S33I4","-","-","-","-","-","-","-","-","-","-","-","-","-","-","-","-","-","-","-","-","-","-","-","-","-","-","-","-","-","-","-","-","-","-","33","4"
"836","4","16","10","835","S32I1","-","-","-","-","-","-","-","-","-","-","-","-","-","-","-","-","-","-","-","-","-","-","-","-","-","-","-","-","-","-","-","-","-","-","32","1"
"837","4","16","11","836","-","-","-","-","-","-","-","-","-","-","-","-","-","-","-","-","-","-","-","-","-","-","-","-","-","-","-","-","-","-","-","-","-","-","-",NA,NA
"838","4","17","1","837","-","-","-","-","-","-","-","-","-","-","-","-","-","-","-","-","-","-","-","-","-","-","-","-","-","-","-","-","-","-","-","-","-","-","-",NA,NA
"839","4","17","2","838","S34I5","-","-","-","-","-","-","-","-","-","-","-","-","-","-","-","-","-","-","-","-","-","-","-","-","-","-","-","-","-","-","-","-","-","-","34","5"
"840","4","17","3","839","S31I1","-","-","-","-","-","-","-","-","-","-","-","-","-","-","-","-","-","-","-","-","-","-","-","-","-","-","-","-","-","-","-","-","-","-","31","1"
"843","4","17","6","842","S24I5","-","-","-","-","-","-","-","-","-","-","-","-","-","-","-","-","-","-","-","-","-","-","-","-","-","-","-","-","-","-","-","-","-","-","24","5"
"845","4","17","8","844","S3I6","-","-","-","-","-","-","-","-","-","-","-","-","-","-","-","-","-","-","-","-","-","-","-","-","-","-","-","-","-","-","-","-","-","-","3","6"
"846","4","17","9","845","S17I2","-","-","-","-","-","-","-","-","-","-","-","-","-","-","-","-","-","-","-","-","-","-","-","-","-","-","-","-","-","-","-","-","-","-","17","2"
"848","4","17","11","847","-","-","-","-","-","-","-","-","-","-","-","-","-","-","-","-","-","-","-","-","-","-","-","-","-","-","-","-","-","-","-","-","-","-","-",NA,NA
"849","4","18","1","848","-","-","-","-","-","-","-","-","-","-","-","-","-","-","-","-","-","-","-","-","-","-","-","-","-","-","-","-","-","-","-","-","-","-","-",NA,NA
"851","4","18","3","850","S29I3","-","-","-","-","-","-","-","-","-","-","-","-","-","-","-","-","-","-","-","-","-","-","-","-","-","-","-","-","-","-","-","-","-","-","29","3"
"852","4","18","4","851","S29I4","-","-","-","-","-","-","-","-","-","-","-","-","-","-","-","-","-","-","-","-","-","-","-","-","-","-","-","-","-","-","-","-","-","-","29","4"
"855","4","18","7","854","S3I6","-","-","-","-","-","-","-","-","-","-","-","-","-","-","-","-","-","-","-","-","-","-","-","-","-","-","-","-","-","-","-","-","-","-","3","6"
"857","4","18","9","856","S37I4","-","-","-","-","-","-","-","-","-","-","-","-","-","-","-","-","-","-","-","-","-","-","-","-","-","-","-","-","-","-","-","-","-","-","37","4"
"859","4","18","11","858","-","-","-","-","-","-","-","-","-","-","-","-","-","-","-","-","-","-","-","-","-","-","-","-","-","-","-","-","-","-","-","-","-","-","-",NA,NA
"860","4","19","1","859","-","-","-","-","-","-","-","-","-","-","-","-","-","-","-","-","-","-","-","-","-","-","-","-","-","-","-","-","-","-","-","-","-","-","-",NA,NA
"861","4","19","2","860","S1I8","-","-","-","-","-","-","-","-","-","-","-","-","-","-","-","-","-","-","-","-","-","-","-","-","-","-","-","-","-","-","-","-","-","-","1","8"
"863","4","19","4","862","S17I1","-","-","-","-","-","-","-","-","-","-","-","-","-","-","-","-","-","-","-","-","-","-","-","-","-","-","-","-","-","-","-","-","-","-","17","1"
"864","4","19","5","863","S3I5","-","-","-","-","-","-","-","-","-","-","-","-","-","-","-","-","-","-","-","-","-","-","-","-","-","-","-","-","-","-","-","-","-","-","3","5"
"866","4","19","7","865","S15I2","-","-","-","-","-","-","-","-","-","-","-","-","-","-","-","-","-","-","-","-","-","-","-","-","-","-","-","-","-","-","-","-","-","-","15","2"
"867","4","19","8","866","S34I5","-","-","-","-","-","-","-","-","-","-","-","-","-","-","-","-","-","-","-","-","-","-","-","-","-","-","-","-","-","-","-","-","-","-","34","5"
"868","4","19","9","867","S9I3","-","-","-","-","-","-","-","-","-","-","-","-","-","-","-","-","-","-","-","-","-","-","-","-","-","-","-","-","-","-","-","-","-","-","9","3"
"869","4","19","10","868","S2I6","-","-","-","-","-","-","-","-","-","-","-","-","-","-","-","-","-","-","-","-","-","-","-","-","-","-","-","-","-","-","-","-","-","-","2","6"
"870","4","19","11","869","-","-","-","-","-","-","-","-","-","-","-","-","-","-","-","-","-","-","-","-","-","-","-","-","-","-","-","-","-","-","-","-","-","-","-",NA,NA
"871","4","20","1","870","-","-","-","-","-","-","-","-","-","-","-","-","-","-","-","-","-","-","-","-","-","-","-","-","-","-","-","-","-","-","-","-","-","-","-",NA,NA
"872","4","20","2","871","-","-","-","-","-","-","-","-","-","-","-","-","-","-","-","-","-","-","-","-","-","-","-","-","-","-","-","-","-","-","-","-","-","-","-",NA,NA
"873","4","20","3","872","-","-","-","-","-","-","-","-","-","-","-","-","-","-","-","-","-","-","-","-","-","-","-","-","-","-","-","-","-","-","-","-","-","-","-",NA,NA
"874","4","20","4","873","-","-","-","-","-","-","-","-","-","-","-","-","-","-","-","-","-","-","-","-","-","-","-","-","-","-","-","-","-","-","-","-","-","-","-",NA,NA
"875","4","20","5","874","-","-","-","-","-","-","-","-","-","-","-","-","-","-","-","-","-","-","-","-","-","-","-","-","-","-","-","-","-","-","-","-","-","-","-",NA,NA
"876","4","20","6","875","-","-","-","-","-","-","-","-","-","-","-","-","-","-","-","-","-","-","-","-","-","-","-","-","-","-","-","-","-","-","-","-","-","-","-",NA,NA
"877","4","20","7","876","-","-","-","-","-","-","-","-","-","-","-","-","-","-","-","-","-","-","-","-","-","-","-","-","-","-","-","-","-","-","-","-","-","-","-",NA,NA
"878","4","20","8","877","-","-","-","-","-","-","-","-","-","-","-","-","-","-","-","-","-","-","-","-","-","-","-","-","-","-","-","-","-","-","-","-","-","-","-",NA,NA
"879","4","20","9","878","-","-","-","-","-","-","-","-","-","-","-","-","-","-","-","-","-","-","-","-","-","-","-","-","-","-","-","-","-","-","-","-","-","-","-",NA,NA
"880","4","20","10","879","-","-","-","-","-","-","-","-","-","-","-","-","-","-","-","-","-","-","-","-","-","-","-","-","-","-","-","-","-","-","-","-","-","-","-",NA,NA
"881","4","20","11","880","-","-","-","-","-","-","-","-","-","-","-","-","-","-","-","-","-","-","-","-","-","-","-","-","-","-","-","-","-","-","-","-","-","-","-",NA,NA
