"cell","Area","X","Y","Perim.","Major","Minor","Angle","Circ.","Feret","FeretX","FeretY","FeretAngle","MinFeret","AR","Round","Solidity"
1,0,7.842,3.474,0,0.015,0.015,0,0,0,596,264,0,0,0,0,NA
2,0,10.211,3.211,0,0.015,0.015,0,0,0,776,244,0,0,0,0,NA
3,0,12.526,3.158,0,0.015,0.015,0,0,0,952,240,0,0,0,0,NA
4,0,15.421,3.105,0,0.015,0.015,0,0,0,1172,236,0,0,0,0,NA
5,0,17.105,2.737,0,0.015,0.015,0,0,0,1300,208,0,0,0,0,NA
6,0,20,3,0,0.015,0.015,0,0,0,1520,228,0,0,0,0,NA
7,0,22.316,3.211,0,0.015,0.015,0,0,0,1696,244,0,0,0,0,NA
8,0,24.842,3.211,0,0.015,0.015,0,0,0,1888,244,0,0,0,0,NA
9,0,27.211,3.368,0,0.015,0.015,0,0,0,2068,256,0,0,0,0,NA
10,0,29.579,3.526,0,0.015,0.015,0,0,0,2248,268,0,0,0,0,NA
11,0,31.632,3.474,0,0.015,0.015,0,0,0,2404,264,0,0,0,0,NA
12,0,8.053,6,0,0.015,0.015,0,0,0,612,456,0,0,0,0,NA
13,1.755,0,0,5.171,2.004,1.115,109.404,0.825,2.148,697,216,107.103,1.169,1.797,0.557,0.989
14,0.51,0,0,2.723,0.91,0.713,88.625,0.864,0.961,985,297,90,0.759,1.276,0.784,0.999
15,2.833,0,0,6.542,2.636,1.369,122.394,0.832,2.72,1020,147,122.152,1.39,1.926,0.519,1
16,1.825,0,0,5.107,1.933,1.203,58.154,0.88,2.066,1293,345,62.292,1.248,1.607,0.622,1.001
17,1.793,0,0,5.182,1.906,1.198,6.995,0.839,2.037,1341,422,5.932,1.234,1.591,0.628,0.978
18,1.025,0,0,3.819,1.369,0.954,7.903,0.884,1.475,1754,398,2.045,0.982,1.435,0.697,0.997
19,0,24.776,5.671,0,0.015,0.015,0,0,0,1883,431,0,0,0,0,NA
20,0.879,0,0,3.608,1.366,0.819,67.539,0.848,1.494,2096,397,70.448,0.855,1.667,0.6,1
21,1.226,0,0,4.108,1.494,1.045,164.636,0.913,1.486,2250,450,159.8,1.03,1.429,0.7,0.997
22,0,31.855,5.908,0,0.015,0.015,0,0,0,2421,449,0,0,0,0,NA
23,0,8.053,7.947,0,0.015,0.015,0,0,0,612,604,0,0,0,0,NA
24,0.943,0,0,3.92,1.56,0.77,111.853,0.771,1.63,794,623,111.801,0.8,2.025,0.494,0.986
25,1.256,0,0,4.545,1.73,0.924,126.448,0.764,1.932,958,639,127.807,0.983,1.872,0.534,1
26,1.941,0,0,5.413,2.093,1.181,131.738,0.832,2.255,1160,600,131.689,1.23,1.772,0.564,0.999
27,0.956,0,0,3.587,1.261,0.965,100.453,0.933,1.296,1347,602,105.306,0.971,1.307,0.765,1
28,0,20.053,7.921,0,0.015,0.015,0,0,0,1524,602,0,0,0,0,NA
29,0.841,0,0,3.457,1.3,0.824,26.862,0.884,1.371,1761,579,25.582,0.832,1.577,0.634,1.003
30,0,25.092,8,0,0.015,0.015,0,0,0,1907,608,0,0,0,0,NA
31,0,27.447,7.921,0,0.015,0.015,0,0,0,2086,602,0,0,0,0,NA
32,0,29.408,7.961,0,0.015,0.015,0,0,0,2235,605,0,0,0,0,NA
33,0,31.724,8.829,0,0.015,0.015,0,0,0,2411,671,0,0,0,0,NA
34,0,7.947,11,0,0.015,0.015,0,0,0,604,836,0,0,0,0,NA
35,2.128,0,0,5.709,2.273,1.192,114.482,0.82,2.407,679,611,116.985,1.212,1.906,0.525,1
36,1.183,0,0,4.216,1.534,0.982,28.398,0.836,1.648,966,781,25.542,1.049,1.561,0.64,0.99
37,0,15.158,10.474,0,0.015,0.015,0,0,0,1152,796,0,0,0,0,NA
38,0,17.5,10.184,0,0.015,0.015,0,0,0,1330,774,0,0,0,0,NA
39,1.274,0,0,4.376,1.653,0.981,17.756,0.836,1.798,1571,785,17.904,1.027,1.684,0.594,0.997
40,1.638,0,0,4.888,1.915,1.089,120.093,0.861,1.964,1605,642,125.181,1.098,1.759,0.568,0.999
41,1.197,0,0,4.12,1.576,0.967,175.538,0.886,1.609,1911,773,3.752,0.974,1.629,0.614,1
42,0,27.368,10.632,0,0.015,0.015,0,0,0,2080,808,0,0,0,0,NA
43,1.64,0,0,4.979,1.964,1.063,82.493,0.831,2.082,2251,776,86.74,1.075,1.847,0.541,1
44,0,31.816,10.842,0,0.015,0.015,0,0,0,2418,824,0,0,0,0,NA
45,0,8.211,12.895,0,0.015,0.015,0,0,0,624,980,0,0,0,0,NA
46,1.76,0,0,5.031,1.914,1.171,9.777,0.873,1.999,587,1032,9.09,1.249,1.635,0.612,1
47,0,12.934,13.053,0,0.015,0.015,0,0,0,983,992,0,0,0,0,NA
48,0.659,0,0,3.257,1.159,0.724,18.19,0.78,1.248,1154,1014,27.646,0.751,1.602,0.624,0.987
49,2.319,0,0,5.742,2.15,1.374,177.994,0.884,2.316,1129,907,179.023,1.385,1.565,0.639,1
50,0,20.171,12.961,0,0.015,0.015,0,0,0,1533,985,0,0,0,0,NA
51,1.295,0,0,4.427,1.659,0.994,55.924,0.83,1.858,1719,954,55.972,1.03,1.669,0.599,1
52,1.903,0,0,5.555,2.202,1.101,88.303,0.775,2.374,1919,959,86.186,1.145,2,0.5,0.98
53,1.698,0,0,4.992,1.895,1.141,51.051,0.856,2.045,2109,971,52.319,1.165,1.661,0.602,0.999
54,2.529,0,0,6.313,2.536,1.269,38.366,0.797,2.709,2313,976,38.095,1.331,1.998,0.5,1
55,0,31.776,13.342,0,0.015,0.015,0,0,0,2415,1014,0,0,0,0,NA
56,0,8.053,15.789,0,0.015,0.015,0,0,0,612,1200,0,0,0,0,NA
57,1.343,0,0,4.408,1.642,1.042,3.399,0.869,1.778,652,1163,2.545,1.072,1.576,0.635,1.001
58,0,12.118,15.026,0,0.015,0.015,0,0,0,921,1142,0,0,0,0,NA
59,2.511,0,0,6.118,2.358,1.355,1.87,0.843,2.475,918,1170,178.477,1.405,1.74,0.575,1
60,1.48,0,0,4.503,1.566,1.203,138.791,0.917,1.694,1277,1020,133.741,1.237,1.302,0.768,0.999
61,1.546,0,0,4.629,1.658,1.187,167.184,0.906,1.794,1584,1190,165.556,1.215,1.396,0.716,1
62,1.638,0,0,4.819,1.719,1.213,32.159,0.886,1.879,1783,1120,21.354,1.275,1.417,0.706,0.994
63,0.814,0,0,3.343,1.228,0.844,167.864,0.915,1.262,1931,1200,168.573,0.845,1.455,0.687,1
64,0,27.118,15.197,0,0.015,0.015,0,0,0,2061,1155,0,0,0,0,NA
65,0,29.658,15.724,0,0.015,0.015,0,0,0,2254,1195,0,0,0,0,NA
66,0,31.671,15.776,0,0.015,0.015,0,0,0,2407,1199,0,0,0,0,NA
67,0,8.158,18.158,0,0.015,0.015,0,0,0,620,1380,0,0,0,0,NA
68,1.824,0,0,5.038,1.812,1.281,51.65,0.903,1.947,640,1506,48.013,1.346,1.414,0.707,0.997
69,2.26,0,0,5.691,2.115,1.36,36.397,0.877,2.208,942,1356,32.838,1.348,1.555,0.643,0.993
70,1.029,0,0,3.917,1.464,0.895,45.803,0.843,1.582,1149,1345,43.652,0.916,1.636,0.611,0.989
71,0.338,0,0,2.283,0.784,0.549,176.586,0.816,0.848,1299.5,1332.5,167.905,0.597,1.427,0.701,0.99
72,2.941,0,0,6.452,2.333,1.605,34.074,0.888,2.535,1346,1481,35.918,1.646,1.453,0.688,0.987
73,0,23.053,17.921,0,0.015,0.015,0,0,0,1752,1362,0,0,0,0,NA
74,0.851,0,0,3.603,1.43,0.758,93.926,0.823,1.516,1895,1201,93.483,0.789,1.886,0.53,0.999
75,2.295,0,0,5.954,2.331,1.254,81.339,0.814,2.501,2098,1313,88.493,1.269,1.859,0.538,0.998
76,2.812,0,0,6.281,2.278,1.571,135.226,0.896,2.438,2289,1429,129.964,1.612,1.45,0.69,0.991
77,0,31.776,18.25,0,0.015,0.015,0,0,0,2415,1387,0,0,0,0,NA
78,0,7.947,20.211,0,0.015,0.015,0,0,0,604,1536,0,0,0,0,NA
79,2.071,0,0,5.372,1.976,1.335,8.119,0.902,2.053,592,1571,0,1.395,1.48,0.675,0.992
80,1.839,0,0,5.401,2.02,1.159,49.007,0.792,2.253,823,1699,47.366,1.219,1.742,0.574,0.98
81,1.195,0,0,4.159,1.504,1.011,53.458,0.868,1.687,1178,1527,51.968,1.046,1.487,0.672,0.998
82,0,17.895,20.421,0,0.015,0.015,0,0,0,1360,1552,0,0,0,0,NA
83,0.855,0,0,3.468,1.306,0.833,35.519,0.894,1.372,1430,1606,28.04,0.837,1.567,0.638,1.002
84,1.531,0,0,4.641,1.626,1.199,137.022,0.893,1.703,1739,1571,135.313,1.231,1.357,0.737,1
85,0.908,0,0,3.664,1.427,0.81,121.176,0.85,1.521,1923,1558,120.114,0.834,1.762,0.568,1
86,1.429,0,0,4.619,1.673,1.088,70.451,0.842,1.769,2053,1695,70.891,1.109,1.538,0.65,0.995
87,0,29.868,20.25,0,0.015,0.015,0,0,0,2270,1539,0,0,0,0,NA
88,0,31.697,21.132,0,0.015,0.015,0,0,0,2409,1606,0,0,0,0,NA
89,0,8.211,23.263,0,0.015,0.015,0,0,0,624,1768,0,0,0,0,NA
90,1.066,0,0,3.91,1.468,0.925,159.407,0.877,1.565,671,1670,160.346,0.95,1.587,0.63,0.998
91,2.041,0,0,5.782,2.257,1.151,48.153,0.767,2.341,960,1763,48.875,1.222,1.961,0.51,0.978
92,1.317,0,0,4.267,1.483,1.13,89.784,0.909,1.632,1139,1598,91.386,1.167,1.312,0.762,0.992
93,0.867,0,0,3.507,1.287,0.858,79.838,0.886,1.325,1363,1841,74.445,0.838,1.499,0.667,0.992
94,2.854,0,0,6.348,2.401,1.514,137.501,0.89,2.475,1361,1600,134.569,1.495,1.586,0.63,1
95,1.699,0,0,4.908,1.768,1.223,156.926,0.886,1.896,1753,1721,158.42,1.259,1.445,0.692,0.986
96,1.601,0,0,4.834,1.851,1.101,29.388,0.861,1.968,1924,1755,31.884,1.123,1.681,0.595,1
97,0,27.434,23.184,0,0.015,0.015,0,0,0,2085,1762,0,0,0,0,NA
98,2.327,0,0,5.879,2.328,1.272,178.398,0.846,2.44,2294,1751,175.98,1.291,1.83,0.546,1
99,0,32.408,22.434,0,0.015,0.015,0,0,0,2463,1705,0,0,0,0,NA
100,0,7.947,25.539,0,0.015,0.015,0,0,0,604,1941,0,0,0,0,NA
101,0,10.211,25.592,0,0.015,0.015,0,0,0,776,1945,0,0,0,0,NA
102,0.815,0,0,3.568,1.254,0.827,172.068,0.804,1.382,875,1910,0.546,0.851,1.516,0.66,0.988
103,2.001,0,0,5.601,2.12,1.202,70.446,0.801,2.291,1188,1924,76.044,1.327,1.764,0.567,0.985
104,0,17.803,25.724,0,0.015,0.015,0,0,0,1353,1955,0,0,0,0,NA
105,1.534,0,0,4.651,1.746,1.119,155.68,0.891,1.83,1378,1865,153.066,1.13,1.561,0.641,1
106,1.965,0,0,5.239,1.976,1.266,46.16,0.9,2.077,1756,1930,47.824,1.299,1.56,0.641,1.001
107,1.551,0,0,4.914,1.92,1.029,156.757,0.807,2.026,1946,1939,151.271,1.063,1.866,0.536,0.995
108,1.303,0,0,4.478,1.788,0.928,50.089,0.817,1.907,2125.5,1919.5,49.056,0.95,1.926,0.519,1
109,0,30.013,25.421,0,0.015,0.015,0,0,0,2281,1932,0,0,0,0,NA
110,0,31.908,25.974,0,0.015,0.015,0,0,0,2425,1974,0,0,0,0,NA
111,0,8.342,28.382,0,0.015,0.015,0,0,0,634,2157,0,0,0,0,NA
112,2.001,0,0,5.285,1.976,1.289,135.425,0.9,2.058,640,2000,132.668,1.327,1.532,0.653,0.996
113,1.153,0,0,3.99,1.438,1.02,122.343,0.91,1.491,976,2149,113.398,1.016,1.41,0.709,1
114,1.493,0,0,4.675,1.764,1.078,26.607,0.858,1.876,1026,2204,32.687,1.09,1.636,0.611,0.998
115,0,17.961,27.934,0,0.015,0.015,0,0,0,1365,2123,0,0,0,0,NA
116,1.986,0,0,5.33,1.989,1.271,77.871,0.879,2.148,1481,2337,75.453,1.317,1.565,0.639,0.999
117,1.281,0,0,4.408,1.709,0.954,17.909,0.828,1.843,1734,2141,24.918,0.974,1.791,0.558,1
118,2.014,0,0,5.458,2.054,1.248,36.439,0.849,2.234,1940,2109,37.342,1.316,1.646,0.608,0.997
119,0.921,0,0,3.685,1.4,0.837,177.916,0.852,1.461,2110,2174,2.064,0.886,1.672,0.598,1
120,1.382,0,0,4.512,1.701,1.034,8.275,0.853,1.846,2333,2155,7.784,1.064,1.644,0.608,0.995
121,0,32.132,28.816,0,0.015,0.015,0,0,0,2442,2190,0,0,0,0,NA
122,0,8.368,30.737,0,0.015,0.015,0,0,0,636,2336,0,0,0,0,NA
123,0.297,0,0,2.145,0.828,0.457,175.458,0.811,0.891,719.5,2314.5,175.342,0.48,1.812,0.552,0.998
124,1.668,0,0,4.838,1.771,1.199,35.003,0.896,1.902,818,2446,34.57,1.195,1.477,0.677,0.995
125,0.616,0,0,3.217,1.256,0.624,52.876,0.748,1.366,1082,2453.5,52.633,0.665,2.013,0.497,0.98
126,2.028,0,0,5.381,1.985,1.301,75.644,0.88,2.098,1301,2509,78.056,1.36,1.526,0.655,0.995
127,1.113,0,0,4.197,1.634,0.867,6.531,0.794,1.77,1581,2338,11.143,0.892,1.885,0.531,0.989
128,0,23,31.145,0,0.015,0.015,0,0,0,1748,2367,0,0,0,0,NA
129,0,25.053,30.711,0,0.015,0.015,0,0,0,1904,2334,0,0,0,0,NA
130,2.818,0,0,6.445,2.519,1.425,144.676,0.853,2.671,2138,2365,146.858,1.468,1.768,0.566,1
131,0,29.921,30.592,0,0.015,0.015,0,0,0,2274,2325,0,0,0,0,NA
132,0,31.658,30.671,0,0.015,0.015,0,0,0,2406,2331,0,0,0,0,NA
133,0,8.289,32.868,0,0.015,0.015,0,0,0,630,2498,0,0,0,0,NA
134,1.62,0,0,4.908,1.92,1.075,2.553,0.846,1.989,595,2534,177.346,1.112,1.786,0.56,1
135,2.232,0,0,5.597,2.037,1.395,148.656,0.896,2.19,996,2532,147.265,1.444,1.461,0.685,1
136,1.181,0,0,4.06,1.543,0.975,68.632,0.901,1.604,1178,2505,68.591,0.992,1.583,0.632,1.002
137,0,17.566,33.421,0,0.015,0.015,0,0,0,1335,2540,0,0,0,0,NA
138,1.583,0,0,4.748,1.775,1.136,83.827,0.882,1.848,1516,2695,79.33,1.129,1.563,0.64,1
139,1.255,0,0,4.369,1.694,0.943,139.409,0.826,1.848,1620,2413,139.62,0.983,1.796,0.557,1
140,0,24.934,32.987,0,0.015,0.015,0,0,0,1895,2507,0,0,0,0,NA
141,1.776,0,0,5.346,2.181,1.037,0.873,0.781,2.276,2120,2516,0.331,1.075,2.103,0.475,0.991
142,1.351,0,0,4.46,1.767,0.974,59.572,0.854,1.828,2241,2678,61.867,0.998,1.814,0.551,0.991
143,0,31.895,33.197,0,0.015,0.015,0,0,0,2424,2523,0,0,0,0,NA
144,0,8.421,36.105,0,0.015,0.015,0,0,0,640,2744,0,0,0,0,NA
145,0,10.421,36.158,0,0.015,0.015,0,0,0,792,2748,0,0,0,0,NA
146,1.605,0,0,4.85,1.854,1.103,156.195,0.857,1.989,1006,2740,152.418,1.13,1.681,0.595,0.995
147,0.625,0,0,2.98,1.071,0.744,167.5,0.885,1.114,1146,2779,157.068,0.774,1.44,0.694,0.995
148,0,17.724,35.671,0,0.015,0.015,0,0,0,1347,2711,0,0,0,0,NA
149,1.697,0,0,4.774,1.717,1.258,74.802,0.936,1.794,1556,2876,79.432,1.279,1.364,0.733,0.998
150,0,22.816,35.776,0,0.015,0.015,0,0,0,1734,2719,0,0,0,0,NA
151,1.068,0,0,3.892,1.464,0.929,172.116,0.886,1.554,1921,2725,166.787,0.934,1.575,0.635,1
152,1.567,0,0,4.743,1.708,1.168,99.355,0.875,1.779,2133,2748,97.651,1.194,1.463,0.684,0.975
153,0,29.921,35.671,0,0.015,0.015,0,0,0,2274,2711,0,0,0,0,NA
154,0,31.711,35.75,0,0.015,0.015,0,0,0,2410,2717,0,0,0,0,NA
155,0,8.316,38.526,0,0.015,0.015,0,0,0,632,2928,0,0,0,0,NA
156,1.623,0,0,4.854,1.809,1.142,69.592,0.865,1.902,716,3092,61.484,1.197,1.584,0.631,0.995
157,1.069,0,0,4.039,1.516,0.898,19.567,0.824,1.65,990,2936,23.499,0.937,1.69,0.592,0.989
158,0,15.645,38.566,0,0.015,0.015,0,0,0,1189,2931,0,0,0,0,NA
159,0.504,0,0,2.905,1.191,0.538,33.118,0.75,1.274,1251.5,2982.5,34.265,0.558,2.213,0.452,0.994
160,0.962,0,0,3.855,1.527,0.802,146.222,0.813,1.626,1556,2972,143.223,0.821,1.903,0.525,0.996
161,0,22.789,38.25,0,0.015,0.015,0,0,0,1732,2907,0,0,0,0,NA
162,1.229,0,0,4.243,1.611,0.971,58.826,0.858,1.709,1861,3058,60.474,0.976,1.659,0.603,0.999
163,0,27.474,38.289,0,0.015,0.015,0,0,0,2088,2910,0,0,0,0,NA
164,0,29.868,38.211,0,0.015,0.015,0,0,0,2270,2904,0,0,0,0,NA
165,0,31.763,38.105,0,0.015,0.015,0,0,0,2414,2896,0,0,0,0,NA
166,0,8.421,41,0,0.015,0.015,0,0,0,640,3116,0,0,0,0,NA
167,0,10.684,40.789,0,0.015,0.015,0,0,0,812,3100,0,0,0,0,NA
168,0,13,40.947,0,0.015,0.015,0,0,0,988,3112,0,0,0,0,NA
169,0,15.211,41.053,0,0.015,0.015,0,0,0,1156,3120,0,0,0,0,NA
170,0,17.684,40.947,0,0.015,0.015,0,0,0,1344,3112,0,0,0,0,NA
171,0,20.316,40.895,0,0.015,0.015,0,0,0,1544,3108,0,0,0,0,NA
172,0,22.842,40.842,0,0.015,0.015,0,0,0,1736,3104,0,0,0,0,NA
173,2.07,0,0,5.497,2.117,1.245,48.835,0.861,2.226,1791,3233,42.365,1.272,1.7,0.588,0.997
174,0.714,0,0,3.445,1.388,0.655,57.237,0.756,1.489,2034,3184,56.17,0.662,2.118,0.472,1
175,1.727,0,0,5.13,2.036,1.08,179.819,0.825,2.152,2290,3086,4.56,1.109,1.885,0.531,1
176,0,32.447,40.908,0,0.015,0.015,0,0,0,2466,3109,0,0,0,0,NA
177,0,8.316,43.053,0,0.015,0.015,0,0,0,632,3272,0,0,0,0,NA
178,1.382,0,0,4.39,1.603,1.097,120.931,0.901,1.717,814,3319,120.888,1.125,1.461,0.685,0.998
179,1.771,0,0,5.215,2.021,1.116,171.61,0.818,2.176,1023,3349,170.253,1.16,1.811,0.552,0.988
180,0.648,0,0,3.148,1.231,0.67,154.07,0.822,1.267,1208,3303,145.154,0.727,1.837,0.544,0.986
181,0,17.737,43.316,0,0.015,0.015,0,0,0,1348,3292,0,0,0,0,NA
182,0,20.539,43.276,0,0.015,0.015,0,0,0,1561,3289,0,0,0,0,NA
183,0.944,0,0,3.701,1.292,0.93,61.099,0.866,1.416,1659,3362,52.172,0.967,1.389,0.72,0.992
184,1.217,0,0,4.191,1.581,0.98,108.238,0.871,1.669,1934,3285,108.864,1.017,1.613,0.62,0.994
185,0.487,0,0,2.602,0.952,0.651,125.52,0.904,1.011,2131,3295,128.66,0.661,1.461,0.684,0.997
186,0.901,0,0,3.628,1.317,0.872,53.092,0.861,1.443,2283,3260,43.152,0.898,1.511,0.662,0.991
187,0,31.934,42.684,0,0.015,0.015,0,0,0,2427,3244,0,0,0,0,NA
188,0,8.316,45.842,0,0.015,0.015,0,0,0,632,3484,0,0,0,0,NA
189,0,10.474,45.947,0,0.015,0.015,0,0,0,796,3492,0,0,0,0,NA
190,1.285,0,0,4.251,1.508,1.085,13.32,0.894,1.62,862,3542,20.937,1.092,1.389,0.72,0.994
191,0,15.513,45.697,0,0.015,0.015,0,0,0,1179,3473,0,0,0,0,NA
192,1.38,0,0,4.487,1.75,1.004,25.284,0.861,1.837,1174,3569,24.546,1.04,1.744,0.574,0.999
193,2.426,0,0,5.723,2.061,1.498,125.659,0.931,2.168,1420,3333,133.771,1.552,1.376,0.727,1
194,1.351,0,0,4.514,1.77,0.971,6.057,0.833,1.887,1748,3464,4.399,1,1.822,0.549,1
195,0,25.368,45.447,0,0.015,0.015,0,0,0,1928,3454,0,0,0,0,NA
196,0,27.618,45.447,0,0.015,0.015,0,0,0,2099,3454,0,0,0,0,NA
197,1.101,0,0,4.164,1.68,0.835,33.102,0.798,1.742,2156,3533,31.409,0.874,2.012,0.497,0.995
198,0,31.868,45.447,0,0.015,0.015,0,0,0,2422,3454,0,0,0,0,NA
199,0,8.053,48,0,0.015,0.015,0,0,0,612,3648,0,0,0,0,NA
200,1.853,0,0,5.414,2.149,1.098,10.677,0.794,2.323,594,3705,9.782,1.142,1.958,0.511,1
201,0,13.408,48.5,0,0.015,0.015,0,0,0,1019,3686,0,0,0,0,NA
202,0,15.461,48.5,0,0.015,0.015,0,0,0,1175,3686,0,0,0,0,NA
203,1.368,0,0,4.453,1.658,1.05,57.37,0.867,1.792,1281,3833,57.593,1.122,1.579,0.633,0.994
204,2.206,0,0,5.711,2.123,1.323,96.576,0.85,2.222,1521,3507,95.778,1.355,1.605,0.623,0.994
205,1.255,0,0,4.503,1.838,0.869,8.461,0.778,1.948,1755,3671,11.689,0.885,2.114,0.473,0.999
206,0,25.434,47.895,0,0.015,0.015,0,0,0,1933,3640,0,0,0,0,NA
207,1.859,0,0,5.341,2.082,1.137,120.393,0.819,2.232,2115,3684,121.253,1.19,1.832,0.546,0.994
208,1.133,0,0,4.297,1.78,0.81,88.515,0.771,1.842,2262,3653,90.409,0.816,2.198,0.455,0.998
209,0,31.934,47.684,0,0.015,0.015,0,0,0,2427,3624,0,0,0,0,NA
210,0,8.263,50.632,0,0.015,0.015,0,0,0,628,3848,0,0,0,0,NA
211,0,10.737,50.737,0,0.015,0.015,0,0,0,816,3856,0,0,0,0,NA
212,0,13.263,50.737,0,0.015,0.015,0,0,0,1008,3856,0,0,0,0,NA
213,0,15.421,50.947,0,0.015,0.015,0,0,0,1172,3872,0,0,0,0,NA
214,0,17.579,50.737,0,0.015,0.015,0,0,0,1336,3856,0,0,0,0,NA
215,0,20.737,50.579,0,0.015,0.015,0,0,0,1576,3844,0,0,0,0,NA
216,0,22.895,50.526,0,0.015,0.015,0,0,0,1740,3840,0,0,0,0,NA
217,0,25.474,50.368,0,0.015,0.015,0,0,0,1936,3828,0,0,0,0,NA
218,0,27.632,50.368,0,0.015,0.015,0,0,0,2100,3828,0,0,0,0,NA
219,0,30.105,50.316,0,0.015,0.015,0,0,0,2288,3824,0,0,0,0,NA
220,0,32.316,49.947,0,0.015,0.015,0,0,0,2456,3796,0,0,0,0,NA
221,0,8.523,1.157,0,0.015,0.015,0,0,0,648,88,0,0,0,0,NA
222,0,11.312,1.21,0,0.015,0.015,0,0,0,860,92,0,0,0,0,NA
223,0,13.522,1,0,0.015,0.015,0,0,0,1028,76,0,0,0,0,NA
224,0,15.784,0.789,0,0.015,0.015,0,0,0,1200,60,0,0,0,0,NA
225,0,17.889,0.894,0,0.015,0.015,0,0,0,1360,68,0,0,0,0,NA
226,0,20.624,0.947,0,0.015,0.015,0,0,0,1568,72,0,0,0,0,NA
227,0,23.097,1,0,0.015,0.015,0,0,0,1756,76,0,0,0,0,NA
228,0,25.465,1.368,0,0.015,0.015,0,0,0,1936,104,0,0,0,0,NA
229,0,27.885,1.21,0,0.015,0.015,0,0,0,2120,92,0,0,0,0,NA
230,0,30.095,1.578,0,0.015,0.015,0,0,0,2288,120,0,0,0,0,NA
231,0,32.357,1.789,0,0.015,0.015,0,0,0,2460,136,0,0,0,0,NA
232,0,8.629,3.999,0,0.015,0.015,0,0,0,656,304,0,0,0,0,NA
233,1.235,0,0,4.181,1.584,0.992,113.608,0.887,1.631,773.5,125.5,112.531,1.003,1.597,0.626,0.997
234,1.797,0,0,5.158,1.986,1.152,53.663,0.848,2.087,1004,227,56.31,1.18,1.724,0.58,0.991
235,1.278,0,0,4.404,1.741,0.935,80.079,0.828,1.841,1169,213,74.673,0.967,1.863,0.537,1.001
236,2.329,0,0,5.74,2.11,1.406,62.688,0.888,2.272,1400,217,65.364,1.43,1.501,0.666,0.999
237,1.728,0,0,5.035,1.949,1.129,69.369,0.857,2.065,1583,194,63.108,1.16,1.726,0.579,1
238,0,23.216,3.525,0,0.015,0.015,0,0,0,1765,268,0,0,0,0,NA
239,1.59,0,0,4.695,1.725,1.173,135.766,0.906,1.847,1777,187,142.232,1.204,1.47,0.68,0.999
240,1.32,0,0,4.233,1.452,1.158,168.524,0.926,1.551,2176,302,167.26,1.171,1.255,0.797,1
241,0,30.489,3.893,0,0.015,0.015,0,0,0,2318,296,0,0,0,0,NA
242,0,32.397,4.078,0,0.015,0.015,0,0,0,2463,310,0,0,0,0,NA
243,0,8.681,6.261,0,0.015,0.015,0,0,0,660,476,0,0,0,0,NA
244,2.361,0,0,5.929,2.235,1.345,73.223,0.844,2.415,865,440,66.228,1.402,1.663,0.601,1
245,0.826,0,0,3.405,1.227,0.857,127.039,0.895,1.308,938,379.5,132.758,0.885,1.432,0.698,0.996
246,2.698,0,0,6.175,2.263,1.518,106.579,0.889,2.389,1221,413,104.342,1.563,1.491,0.671,0.997
247,0,18.152,6.261,0,0.015,0.015,0,0,0,1380,476,0,0,0,0,NA
248,1.279,0,0,4.207,1.576,1.033,29.358,0.908,1.621,1579,398,28.332,1.048,1.526,0.655,0.998
249,0,23.347,6.051,0,0.015,0.015,0,0,0,1775,460,0,0,0,0,NA
250,0,25.715,6.182,0,0.015,0.015,0,0,0,1955,470,0,0,0,0,NA
251,1.229,0,0,4.344,1.695,0.923,79.103,0.818,1.792,2105,613.5,77.494,0.952,1.837,0.544,0.989
252,1.261,0,0,4.504,1.808,0.888,39.943,0.781,1.95,2317.5,431.5,39.113,0.949,2.036,0.491,0.997
253,0,32.469,6.393,0,0.015,0.015,0,0,0,2468.5,486,0,0,0,0,NA
254,0,9.207,9.155,0,0.015,0.015,0,0,0,700,696,0,0,0,0,NA
255,2.152,0,0,5.629,2.156,1.271,55.192,0.854,2.28,717,788,56.768,1.332,1.696,0.59,0.999
256,1.135,0,0,4.005,1.468,0.984,122.482,0.889,1.525,1051,655,119.438,1.029,1.492,0.67,0.996
257,1.495,0,0,4.479,1.616,1.178,107.061,0.937,1.666,1140,536,111.297,1.193,1.371,0.729,1
258,0,18.546,8.247,0,0.015,0.015,0,0,0,1410,627,0,0,0,0,NA
259,0,20.717,8.247,0,0.015,0.015,0,0,0,1575,627,0,0,0,0,NA
260,1.499,0,0,4.605,1.761,1.084,81.339,0.888,1.82,1809,588,85.855,1.096,1.624,0.616,0.999
261,0,25.728,8.471,0,0.015,0.015,0,0,0,1956,644,0,0,0,0,NA
262,0,27.99,8.655,0,0.015,0.015,0,0,0,2128,658,0,0,0,0,NA
263,1.14,0,0,4.182,1.614,0.899,57.193,0.819,1.76,2331,635,58.449,0.926,1.795,0.557,0.992
264,0,32.357,8.826,0,0.015,0.015,0,0,0,2460,671,0,0,0,0,NA
265,0,8.997,11.101,0,0.015,0.015,0,0,0,684,844,0,0,0,0,NA
266,0,11.049,11.259,0,0.015,0.015,0,0,0,840,856,0,0,0,0,NA
267,0,13.469,10.996,0,0.015,0.015,0,0,0,1024,836,0,0,0,0,NA
268,0.991,0,0,3.979,1.557,0.81,32.805,0.787,1.643,1095,901,29.233,0.865,1.921,0.521,0.999
269,1.953,0,0,5.837,2.384,1.043,48.143,0.72,2.508,1400,830,49.04,1.088,2.286,0.437,0.989
270,2.571,0,0,6.14,2.256,1.451,131.631,0.857,2.441,1623,819,124.461,1.471,1.555,0.643,1
271,1.1,0,0,3.863,1.418,0.988,157.316,0.926,1.471,1701,730,154.581,0.988,1.435,0.697,1
272,2.214,0,0,5.609,2.061,1.368,137.496,0.884,2.218,1836.5,670.5,135.841,1.392,1.507,0.664,0.996
273,1.293,0,0,4.706,1.892,0.87,145.004,0.733,2.043,2174.5,799.5,143.905,0.904,2.175,0.46,0.993
274,0,30.503,11.18,0,0.015,0.015,0,0,0,2319,850,0,0,0,0,NA
275,0,32.397,11.233,0,0.015,0.015,0,0,0,2463,854,0,0,0,0,NA
276,0,9.26,13.679,0,0.015,0.015,0,0,0,704,1040,0,0,0,0,NA
277,0,11.47,13.364,0,0.015,0.015,0,0,0,872,1016,0,0,0,0,NA
278,0,13.416,13.469,0,0.015,0.015,0,0,0,1020,1024,0,0,0,0,NA
279,0,15.889,13.522,0,0.015,0.015,0,0,0,1208,1028,0,0,0,0,NA
280,1.711,0,0,4.944,1.889,1.153,22.248,0.879,1.938,1237,1104,29.697,1.146,1.638,0.61,0.993
281,2.65,0,0,6.232,2.438,1.384,14.837,0.857,2.55,1389,1090,15.255,1.426,1.762,0.567,1
282,1.59,0,0,4.905,1.87,1.083,58.547,0.831,2.018,1812,1000,57.242,1.132,1.726,0.579,0.991
283,0,25.675,13.364,0,0.015,0.015,0,0,0,1952,1016,0,0,0,0,NA
284,1.924,0,0,5.335,2.028,1.208,100.518,0.849,2.193,2134,1060,100.366,1.27,1.678,0.596,0.995
285,1.314,0,0,4.399,1.653,1.012,7.119,0.854,1.736,2351,995,179.566,1.065,1.633,0.612,0.989
286,0,32.647,13.719,0,0.015,0.015,0,0,0,2482,1043,0,0,0,0,NA
287,0,9.049,16.1,0,0.015,0.015,0,0,0,688,1224,0,0,0,0,NA
288,1.857,0,0,5.133,1.991,1.188,95.938,0.886,2.043,845,1032,93.691,1.183,1.676,0.597,1
289,0,13.337,15.745,0,0.015,0.015,0,0,0,1014,1197,0,0,0,0,NA
290,0,15.705,15.942,0,0.015,0.015,0,0,0,1194,1212,0,0,0,0,NA
291,0,18.231,15.587,0,0.015,0.015,0,0,0,1386,1185,0,0,0,0,NA
292,0.286,0,0,2.136,0.809,0.451,21.835,0.788,0.869,1547.5,1251.5,35.134,0.457,1.794,0.558,1.002
293,1.683,0,0,4.775,1.542,1.39,120.521,0.928,1.637,1752,1251,133.698,1.401,1.109,0.902,0.987
294,1.206,0,0,4.143,1.567,0.98,100.836,0.883,1.652,1967,1110,99.162,1.007,1.6,0.625,0.999
295,0,27.648,15.85,0,0.015,0.015,0,0,0,2102,1205,0,0,0,0,NA
296,1.442,0,0,4.793,1.919,0.957,44.198,0.789,2.032,2354,1150,38.428,0.998,2.005,0.499,0.998
297,0,32.765,15.823,0,0.015,0.015,0,0,0,2491,1203,0,0,0,0,NA
298,0,9.049,18.73,0,0.015,0.015,0,0,0,688,1424,0,0,0,0,NA
299,1.399,0,0,4.423,1.603,1.111,47.066,0.898,1.694,878,1397,43.112,1.142,1.443,0.693,0.984
300,0,13.666,18.441,0,0.015,0.015,0,0,0,1039,1402,0,0,0,0,NA
301,0.744,0,0,3.208,1.146,0.826,120.151,0.908,1.219,1182,1322,122.661,0.829,1.387,0.721,1.001
302,2.955,0,0,6.673,2.535,1.484,76.83,0.834,2.753,1401,1369,75.897,1.516,1.707,0.586,0.991
303,0,20.874,18.454,0,0.015,0.015,0,0,0,1587,1403,0,0,0,0,NA
304,1.974,0,0,5.429,2.139,1.175,23.492,0.842,2.193,1578,1513,19.631,1.175,1.821,0.549,0.998
305,1.139,0,0,4.087,1.531,0.947,92.48,0.857,1.626,1956,1435,95.572,0.962,1.617,0.618,0.999
306,1.471,0,0,4.644,1.724,1.086,80.688,0.857,1.838,2150,1390,75.069,1.148,1.587,0.63,0.991
307,1.713,0,0,5.058,1.959,1.114,169.859,0.842,2.084,2344,1446,162.366,1.141,1.759,0.569,1.001
308,0,32.594,18.875,0,0.015,0.015,0,0,0,2478,1435,0,0,0,0,NA
309,0,8.892,21.045,0,0.015,0.015,0,0,0,676,1600,0,0,0,0,NA
310,1.802,0,0,5.6,2.355,0.974,26.646,0.722,2.4,845,1602,27.408,1.042,2.418,0.414,0.983
311,0,13.64,21.151,0,0.015,0.015,0,0,0,1037,1608,0,0,0,0,NA
312,0.923,0,0,3.636,1.377,0.853,152.352,0.877,1.434,1224,1611,146.602,0.894,1.614,0.62,0.997
313,2.001,0,0,5.572,2.188,1.165,133.382,0.81,2.298,1451,1606,136.16,1.198,1.879,0.532,0.986
314,0,20.73,20.914,0,0.015,0.015,0,0,0,1576,1590,0,0,0,0,NA
315,0,23.242,21.085,0,0.015,0.015,0,0,0,1767,1603,0,0,0,0,NA
316,1.143,0,0,4.173,1.67,0.871,23.717,0.825,1.706,1974,1628,17.038,0.873,1.916,0.522,0.993
317,1.037,0,0,4.055,1.638,0.806,35.165,0.793,1.702,2164,1585,36.516,0.822,2.032,0.492,0.999
318,0,30.292,21.335,0,0.015,0.015,0,0,0,2303,1622,0,0,0,0,NA
319,0,32.318,21.466,0,0.015,0.015,0,0,0,2457,1632,0,0,0,0,NA
320,0,8.839,24.044,0,0.015,0.015,0,0,0,672,1828,0,0,0,0,NA
321,0,11.312,23.729,0,0.015,0.015,0,0,0,860,1804,0,0,0,0,NA
322,0,13.469,23.834,0,0.015,0.015,0,0,0,1024,1812,0,0,0,0,NA
323,0,16.31,23.729,0,0.015,0.015,0,0,0,1240,1804,0,0,0,0,NA
324,0,18.52,23.623,0,0.015,0.015,0,0,0,1408,1796,0,0,0,0,NA
325,1.532,0,0,4.662,1.708,1.142,102.338,0.886,1.842,1627,1599,99.866,1.213,1.496,0.668,1
326,1.304,0,0,4.407,1.697,0.978,20.441,0.843,1.836,1794,1760,25.463,1.018,1.735,0.577,0.999
327,1.434,0,0,4.568,1.777,1.028,35.173,0.864,1.857,1810,1909,34.028,1.059,1.73,0.578,1.001
328,1.821,0,0,5.183,1.984,1.169,33.595,0.852,2.135,2168,1805,32.417,1.195,1.697,0.589,1
329,0.797,0,0,3.457,1.375,0.738,32.049,0.838,1.433,2318,1779,30.332,0.733,1.863,0.537,0.999
330,0,32.502,23.9,0,0.015,0.015,0,0,0,2471,1817,0,0,0,0,NA
331,0,9.102,26.162,0,0.015,0.015,0,0,0,692,1989,0,0,0,0,NA
332,2.141,0,0,5.359,1.754,1.554,126.916,0.937,1.893,759,1834,120.486,1.578,1.128,0.886,0.994
333,0,13.666,26.294,0,0.015,0.015,0,0,0,1039,1999,0,0,0,0,NA
334,0,16.192,26.215,0,0.015,0.015,0,0,0,1231,1993,0,0,0,0,NA
335,1.698,0,0,5.414,2.259,0.957,21.87,0.728,2.383,1218,2075,25.858,0.972,2.359,0.424,1
336,1.676,0,0,5.018,1.986,1.075,122.663,0.837,2.043,1609,2034,124.509,1.114,1.847,0.541,0.999
337,0,23.4,26.346,0,0.015,0.015,0,0,0,1779,2003,0,0,0,0,NA
338,0.868,0,0,3.473,1.309,0.845,67.074,0.905,1.339,1981,2002,67.467,0.865,1.549,0.646,0.998
339,1.249,0,0,4.311,1.671,0.952,178.063,0.845,1.77,2149,2016,174.883,0.959,1.756,0.569,1.001
340,0,30.266,26.399,0,0.015,0.015,0,0,0,2301,2007,0,0,0,0,NA
341,0,32.673,26.517,0,0.015,0.015,0,0,0,2484,2016,0,0,0,0,NA
342,0,9.049,28.609,0,0.015,0.015,0,0,0,688,2175,0,0,0,0,NA
343,0,11.259,29.135,0,0.015,0.015,0,0,0,856,2215,0,0,0,0,NA
344,0,13.732,28.766,0,0.015,0.015,0,0,0,1044,2187,0,0,0,0,NA
345,2.525,0,0,5.865,2.109,1.525,76.418,0.923,2.201,1198,2396,82.79,1.508,1.383,0.723,0.997
346,2.479,0,0,5.909,2.179,1.448,32.537,0.892,2.336,1428,2139,27.864,1.51,1.504,0.665,1
347,1.34,0,0,4.391,1.612,1.058,131.98,0.873,1.777,1620,2202,128.991,1.103,1.523,0.657,0.994
348,0,23.281,28.898,0,0.015,0.015,0,0,0,1770,2197,0,0,0,0,NA
349,0,25.649,28.701,0,0.015,0.015,0,0,0,1950,2182,0,0,0,0,NA
350,0,28.214,28.74,0,0.015,0.015,0,0,0,2145,2185,0,0,0,0,NA
351,0,30.424,28.622,0,0.015,0.015,0,0,0,2313,2176,0,0,0,0,NA
352,0,32.594,28.74,0,0.015,0.015,0,0,0,2478,2185,0,0,0,0,NA
353,0,8.997,31.384,0,0.015,0.015,0,0,0,684,2386,0,0,0,0,NA
354,1.902,0,0,5.438,2.144,1.129,132.836,0.808,2.319,722,2218,132.011,1.165,1.898,0.527,0.997
355,0,13.745,31.265,0,0.015,0.015,0,0,0,1045,2377,0,0,0,0,NA
356,0.81,0,0,3.446,1.273,0.81,39.445,0.857,1.418,1125,2459,37.082,0.846,1.571,0.637,1.001
357,2.135,0,0,5.731,2.108,1.289,143.131,0.817,2.278,1416,2395,143.924,1.334,1.636,0.611,0.995
358,0.829,0,0,3.55,1.29,0.818,65.427,0.827,1.448,1590,2375,65.298,0.825,1.578,0.634,0.991
359,1.873,0,0,5.467,2.21,1.079,155.867,0.787,2.302,1815,2373,150.945,1.131,2.048,0.488,0.99
360,0.303,0,0,2.107,0.761,0.507,50.32,0.857,0.811,1954.5,2398,48.945,0.513,1.5,0.666,0.992
361,0,27.859,31.055,0,0.015,0.015,0,0,0,2118,2361,0,0,0,0,NA
362,0,30.437,31.344,0,0.015,0.015,0,0,0,2314,2383,0,0,0,0,NA
363,0,32.331,31.239,0,0.015,0.015,0,0,0,2458,2375,0,0,0,0,NA
364,0,8.997,33.791,0,0.015,0.015,0,0,0,684,2569,0,0,0,0,NA
365,0,11.47,33.791,0,0.015,0.015,0,0,0,872,2569,0,0,0,0,NA
366,0.992,0,0,3.888,1.529,0.825,79.339,0.824,1.617,1030,2572,82.991,0.816,1.853,0.54,0.998
367,0.344,0,0,2.283,0.884,0.495,95.144,0.829,0.934,1218,2487,90.807,0.517,1.787,0.559,0.997
368,1.343,0,0,4.544,1.812,0.944,29.321,0.817,1.906,1243,2656,26.211,0.985,1.921,0.521,0.999
369,0,20.927,33.949,0,0.015,0.015,0,0,0,1591,2581,0,0,0,0,NA
370,1.343,0,0,4.501,1.785,0.958,132.383,0.833,1.861,1794,2549,128.976,0.989,1.863,0.537,1
371,0,25.899,33.936,0,0.015,0.015,0,0,0,1969,2580,0,0,0,0,NA
372,0,28.069,33.857,0,0.015,0.015,0,0,0,2134,2574,0,0,0,0,NA
373,1.279,0,0,4.168,1.51,1.079,179.579,0.925,1.588,2358,2553,6.183,1.092,1.4,0.714,1
374,0,32.568,34.159,0,0.015,0.015,0,0,0,2476,2597,0,0,0,0,NA
375,0,8.997,36.461,0,0.015,0.015,0,0,0,684,2772,0,0,0,0,NA
376,0,11.47,36.408,0,0.015,0.015,0,0,0,872,2768,0,0,0,0,NA
377,0.779,0,0,3.221,1.096,0.905,135.74,0.944,1.121,1034,2854,148.921,0.888,1.211,0.826,0.994
378,1.503,0,0,4.728,1.876,1.021,125.069,0.845,1.942,1237,2746,125.628,1.028,1.838,0.544,0.999
379,0,18.441,36.461,0,0.015,0.015,0,0,0,1402,2772,0,0,0,0,NA
380,0,20.94,36.435,0,0.015,0.015,0,0,0,1592,2770,0,0,0,0,NA
381,1.795,0,0,5.083,1.891,1.209,53.819,0.873,2.04,1811,2763,54.978,1.275,1.564,0.639,0.997
382,0,25.596,36.527,0,0.015,0.015,0,0,0,1946,2777,0,0,0,0,NA
383,0.607,0,0,3.062,1.188,0.651,159.481,0.814,1.259,2190.5,2777.5,153.301,0.671,1.825,0.548,0.995
384,0,30.542,36.382,0,0.015,0.015,0,0,0,2322,2766,0,0,0,0,NA
385,0,32.647,36.33,0,0.015,0.015,0,0,0,2482,2762,0,0,0,0,NA
386,0,9.155,38.723,0,0.015,0.015,0,0,0,696,2944,0,0,0,0,NA
387,0,11.312,38.829,0,0.015,0.015,0,0,0,860,2952,0,0,0,0,NA
388,0,13.732,39.092,0,0.015,0.015,0,0,0,1044,2972,0,0,0,0,NA
389,0,15.942,38.881,0,0.015,0.015,0,0,0,1212,2956,0,0,0,0,NA
390,0,18.467,38.934,0,0.015,0.015,0,0,0,1404,2960,0,0,0,0,NA
391,0.779,0,0,3.334,1.274,0.778,161.889,0.88,1.324,1560,3010,164.445,0.796,1.637,0.611,0.999
392,0.857,0,0,3.676,1.457,0.748,64.248,0.797,1.564,1819,2975,70.346,0.774,1.947,0.513,0.996
393,0,25.702,38.921,0,0.015,0.015,0,0,0,1954,2959,0,0,0,0,NA
394,1.005,0,0,3.816,1.46,0.876,17.085,0.867,1.535,2167,2949,12.369,0.909,1.666,0.6,0.994
395,1.148,0,0,4.141,1.602,0.913,51.331,0.841,1.693,2361,2935,46.259,0.961,1.755,0.57,1.001
396,0,32.62,38.46,0,0.015,0.015,0,0,0,2480,2924,0,0,0,0,NA
397,0,9.418,41.301,0,0.015,0.015,0,0,0,716,3140,0,0,0,0,NA
398,0.375,0,0,2.308,0.884,0.54,142.606,0.885,0.912,791,3074,136.169,0.532,1.636,0.611,0.998
399,0,13.811,41.472,0,0.015,0.015,0,0,0,1050,3153,0,0,0,0,NA
400,0,15.889,41.538,0,0.015,0.015,0,0,0,1208,3158,0,0,0,0,NA
401,0.684,0,0,3.213,1.249,0.698,23.339,0.833,1.327,1425,3184,19.692,0.733,1.79,0.559,0.993
402,0,20.835,41.446,0,0.015,0.015,0,0,0,1584,3151,0,0,0,0,NA
403,0,23.387,41.42,0,0.015,0.015,0,0,0,1778,3149,0,0,0,0,NA
404,0,25.899,41.288,0,0.015,0.015,0,0,0,1969,3139,0,0,0,0,NA
405,0,28.109,41.565,0,0.015,0.015,0,0,0,2137,3160,0,0,0,0,NA
406,1.034,0,0,3.895,1.504,0.875,20.043,0.856,1.547,2326,3148,27.872,0.891,1.719,0.582,0.994
407,0,32.489,41.315,0,0.015,0.015,0,0,0,2470,3141,0,0,0,0,NA
408,0,9.049,43.88,0,0.015,0.015,0,0,0,688,3336,0,0,0,0,NA
409,0,11.575,44.143,0,0.015,0.015,0,0,0,880,3356,0,0,0,0,NA
410,0,13.679,43.669,0,0.015,0.015,0,0,0,1040,3320,0,0,0,0,NA
411,0.695,0,0,3.295,1.248,0.709,54.948,0.804,1.387,1158,3462,51.934,0.733,1.76,0.568,0.988
412,1.753,0,0,5.211,2.063,1.082,179.672,0.811,2.187,1457,3292,176.553,1.098,1.907,0.524,0.999
413,0,21.151,44.09,0,0.015,0.015,0,0,0,1608,3352,0,0,0,0,NA
414,0,23.163,43.932,0,0.015,0.015,0,0,0,1761,3340,0,0,0,0,NA
415,0,25.649,43.972,0,0.015,0.015,0,0,0,1950,3343,0,0,0,0,NA
416,0,27.819,43.853,0,0.015,0.015,0,0,0,2115,3334,0,0,0,0,NA
417,0,29.99,43.893,0,0.015,0.015,0,0,0,2280,3337,0,0,0,0,NA
418,0,32.555,43.695,0,0.015,0.015,0,0,0,2475,3322,0,0,0,0,NA
419,0,9.313,46.3,0,0.015,0.015,0,0,0,708,3520,0,0,0,0,NA
420,0,10.97,46.458,0,0.015,0.015,0,0,0,834,3532,0,0,0,0,NA
421,0,13.574,46.418,0,0.015,0.015,0,0,0,1032,3529,0,0,0,0,NA
422,0.436,0,0,2.418,0.869,0.638,18.166,0.936,0.893,1128.5,3558,16.699,0.641,1.362,0.734,1.002
423,0,18.349,46.576,0,0.015,0.015,0,0,0,1395,3541,0,0,0,0,NA
424,0,21.111,46.655,0,0.015,0.015,0,0,0,1605,3547,0,0,0,0,NA
425,0,23.281,46.339,0,0.015,0.015,0,0,0,1770,3523,0,0,0,0,NA
426,0,26.044,46.576,0,0.015,0.015,0,0,0,1980,3541,0,0,0,0,NA
427,1.027,0,0,3.947,1.575,0.83,70.534,0.828,1.639,2087,3668,71.274,0.841,1.897,0.527,1
428,0,30.226,46.418,0,0.015,0.015,0,0,0,2298,3529,0,0,0,0,NA
429,0,32.397,46.181,0,0.015,0.015,0,0,0,2463,3511,0,0,0,0,NA
430,0,8.944,48.667,0,0.015,0.015,0,0,0,680,3700,0,0,0,0,NA
431,0,11.47,48.983,0,0.015,0.015,0,0,0,872,3724,0,0,0,0,NA
432,0,13.469,48.983,0,0.015,0.015,0,0,0,1024,3724,0,0,0,0,NA
433,0,16.31,49.036,0,0.015,0.015,0,0,0,1240,3728,0,0,0,0,NA
434,0,18.625,48.878,0,0.015,0.015,0,0,0,1416,3716,0,0,0,0,NA
435,0,21.045,48.825,0,0.015,0.015,0,0,0,1600,3712,0,0,0,0,NA
436,0,23.308,48.878,0,0.015,0.015,0,0,0,1772,3716,0,0,0,0,NA
437,0,25.675,48.878,0,0.015,0.015,0,0,0,1952,3716,0,0,0,0,NA
438,0,28.201,48.878,0,0.015,0.015,0,0,0,2144,3716,0,0,0,0,NA
439,0,30.095,48.773,0,0.015,0.015,0,0,0,2288,3708,0,0,0,0,NA
440,0,32.305,48.72,0,0.015,0.015,0,0,0,2456,3704,0,0,0,0,NA
