"","id","cell","experiment","tray","row","col","si","site","individual","family","where","fustat","d0","d1","d2","d3","d4","d5","d6","d7","d8","d9","d10","d11","d12","d13","time_to_one","time_to_two","time_to_three","time_to_four","from_one_to_four","from_two_to_four","from_three_to_four","from_one_to_two","cluster"
"1",1594,13,20241006,1,2,2,"S3I5",3,5,"furnace south","DV",1,0,0,0,0,0,0,0,4,4,4,4,4,4,4,5,NA,6,7,2,NA,1,NA,"2"
"2",1595,14,20241006,1,2,3,"S17I2",17,2,"furnace south","DV",1,0,0,0,0,0,0,0,0,4,4,4,4,4,4,NA,NA,7,8,NA,NA,1,NA,"2"
"3",1596,15,20241006,1,2,4,"S29I4",29,4,"anzaborrego","outside",1,0,0,0,0,0,0,0,0,0,0,4,4,4,4,NA,NA,9,10,NA,NA,1,NA,"3"
"4",1598,17,20241006,1,2,6,"S28I2",28,2,"hw8","outside",1,0,0,0,0,0,0,0,0,0,0,4,4,4,4,NA,6,9,10,NA,4,1,NA,"3"
"5",1599,18,20241006,1,2,7,"S1I9",1,9,"spring meadows","perimeter",1,0,0,0,0,0,0,0,4,4,4,4,4,4,4,NA,6,NA,7,NA,1,NA,NA,"2"
"6",1600,19,20241006,1,2,8,"S36I4",36,4,"havasu","outside",1,0,0,0,0,0,0,0,0,0,4,4,4,4,4,NA,6,8,9,NA,3,1,NA,"3"
"7",1601,20,20241006,1,2,9,"S37I5",37,5,"pht","outside",1,0,0,0,0,0,0,0,4,4,4,4,4,4,4,NA,6,NA,7,NA,1,NA,NA,"2"
"8",1602,21,20241006,1,2,10,"S1I2",1,2,"spring meadows","perimeter",1,0,0,0,0,0,0,0,0,4,4,4,4,4,4,NA,6,7,8,NA,2,1,NA,"2"
"9",1604,25,20241006,1,3,3,"S37I3",37,3,"pht","outside",1,0,0,0,0,0,0,0,0,4,4,4,4,4,4,NA,NA,7,8,NA,NA,1,NA,"2"
"10",1605,26,20241006,1,3,4,"S38I1",38,1,"bullhead city","outside",1,0,0,0,0,0,0,0,0,0,4,4,4,4,4,NA,6,8,9,NA,3,1,NA,"3"
"11",1606,27,20241006,1,3,5,"S35I5",35,5,"parker","outside",1,0,0,0,0,0,0,0,0,0,4,4,4,4,4,NA,6,8,9,NA,3,1,NA,"3"
"12",1607,28,20241006,1,3,6,"S40I5",40,5,"lake mead","outside",1,0,0,0,0,0,0,0,0,0,0,4,4,4,4,NA,NA,9,10,NA,NA,1,NA,"3"
"13",1609,30,20241006,1,3,8,"S37I1",37,1,"pht","outside",1,0,0,0,0,0,0,0,0,0,0,4,4,4,4,NA,NA,9,10,NA,NA,1,NA,"3"
"14",1611,32,20241006,1,3,10,"S28I1",28,1,"hw8","outside",1,0,0,0,0,0,0,0,0,0,4,4,4,4,4,NA,6,8,9,NA,3,1,NA,"3"
"15",1612,35,20241006,1,4,2,"S9I3",9,3,"badwater south","DV",1,0,0,0,0,0,0,0,0,0,4,4,4,4,4,NA,6,8,9,NA,3,1,NA,"3"
"16",1613,36,20241006,1,4,3,"S33I2",33,2,"blythe","outside",1,0,0,0,0,0,0,0,0,0,0,4,4,4,4,NA,6,9,10,NA,4,1,NA,"3"
"17",1615,38,20241006,1,4,5,"S31I5",31,5,"borregosprings","outside",1,0,0,0,0,0,0,0,0,0,4,4,4,4,4,NA,6,8,9,NA,3,1,NA,"3"
"18",1616,39,20241006,1,4,6,"S35I2",35,2,"parker","outside",1,0,0,0,0,0,0,0,0,0,4,4,4,4,4,NA,6,8,9,NA,3,1,NA,"3"
"19",1619,42,20241006,1,4,9,"S28I4",28,4,"hw8","outside",1,0,0,0,0,0,0,0,0,0,4,4,4,4,4,NA,6,8,9,NA,3,1,NA,"3"
"20",1620,43,20241006,1,4,10,"S27I2",27,2,"beatty","perimeter",1,0,0,0,0,0,0,0,0,4,4,4,4,4,4,5,6,7,8,3,2,1,1,"2"
"21",1622,47,20241006,1,5,3,"S15I1",15,1,"hw190 east","DV",1,0,0,0,0,0,0,0,4,4,4,4,4,4,4,NA,6,NA,7,NA,1,NA,NA,"2"
"22",1623,48,20241006,1,5,4,"S32I2",32,2,"salton city","outside",1,0,0,0,0,0,0,0,0,4,4,4,4,4,4,NA,6,7,8,NA,2,1,NA,"2"
"23",1625,50,20241006,1,5,6,"S9I2",9,2,"badwater south","DV",1,0,0,0,0,0,0,0,4,4,4,4,4,4,4,5,NA,6,7,2,NA,1,NA,"2"
"24",1628,53,20241006,1,5,9,"S32I3",32,3,"salton city","outside",1,0,0,0,0,0,0,0,0,0,4,4,4,4,4,NA,6,8,9,NA,3,1,NA,"3"
"25",1629,54,20241006,1,5,10,"S29I1",29,1,"anzaborrego","outside",1,0,0,0,0,0,0,0,4,4,4,4,4,4,4,NA,6,NA,7,NA,1,NA,NA,"2"
"26",1630,57,20241006,1,6,2,"S29I1",29,1,"anzaborrego","outside",1,0,0,0,0,0,0,0,0,0,4,4,4,4,4,NA,6,8,9,NA,3,1,NA,"3"
"27",1631,58,20241006,1,6,3,"S27I6",27,6,"beatty","perimeter",1,0,0,0,0,0,0,0,0,0,4,4,4,4,4,5,6,8,9,4,3,1,1,"3"
"28",1632,59,20241006,1,6,4,"S13I2",13,2,"hw127","perimeter",1,0,0,0,0,0,0,0,4,4,4,4,4,4,4,NA,6,NA,7,NA,1,NA,NA,"2"
"29",1633,60,20241006,1,6,5,"S12I3",12,3,"badwater south","DV",1,0,0,0,0,0,0,0,0,0,4,4,4,4,4,NA,6,8,9,NA,3,1,NA,"3"
"30",1634,61,20241006,1,6,6,"S39I3",39,3,"lake mead","outside",1,0,0,0,0,0,0,0,0,0,0,4,4,4,4,NA,6,9,10,NA,4,1,NA,"3"
"31",1635,62,20241006,1,6,7,"S3I5",3,5,"furnace south","DV",1,0,0,0,0,0,0,0,4,4,4,4,4,4,4,NA,6,NA,7,NA,1,NA,NA,"2"
"32",1636,63,20241006,1,6,8,"S25I1",25,1,"panamint","perimeter",1,0,0,0,0,0,0,0,4,4,4,4,4,4,4,NA,6,NA,7,NA,1,NA,NA,"2"
"33",1637,64,20241006,1,6,9,"S34I4",34,4,"quartz","outside",1,0,0,0,0,0,0,0,4,4,4,4,4,4,4,NA,6,NA,7,NA,1,NA,NA,"2"
"34",1638,65,20241006,1,6,10,"S25I1",25,1,"panamint","perimeter",1,0,0,0,0,0,0,0,0,4,4,4,4,4,4,NA,6,7,8,NA,2,1,NA,"2"
"35",1639,68,20241006,1,7,2,"S33I1",33,1,"blythe","outside",1,0,0,0,0,0,0,0,0,0,0,4,4,4,4,NA,6,9,10,NA,4,1,NA,"3"
"36",1640,69,20241006,1,7,3,"S27I6",27,6,"beatty","perimeter",1,0,0,0,0,0,0,0,0,0,4,4,4,4,4,6,NA,8,9,3,NA,1,NA,"3"
"37",1641,70,20241006,1,7,4,"S22I2",22,2,"stovepipe","DV",1,0,0,0,0,0,0,0,0,0,0,4,4,4,4,NA,6,9,10,NA,4,1,NA,"3"
"38",1645,74,20241006,1,7,8,"S35I1",35,1,"parker","outside",1,0,0,0,0,0,0,0,4,4,4,4,4,4,4,NA,6,NA,7,NA,1,NA,NA,"2"
"39",1646,75,20241006,1,7,9,"S34I3",34,3,"quartz","outside",1,0,0,0,0,0,0,0,4,4,4,4,4,4,4,NA,NA,6,7,NA,NA,1,NA,"2"
"40",1648,79,20241006,1,8,2,"S12I1",12,1,"badwater south","DV",1,0,0,0,0,0,0,0,0,0,0,4,4,4,4,NA,6,9,10,NA,4,1,NA,"3"
"41",1649,80,20241006,1,8,3,"S28I3",28,3,"hw8","outside",1,0,0,0,0,0,0,0,0,0,4,4,4,4,4,NA,6,8,9,NA,3,1,NA,"3"
"42",1650,81,20241006,1,8,4,"S34I5",34,5,"quartz","outside",1,0,0,0,0,0,0,0,0,4,4,4,4,4,4,NA,6,7,8,NA,2,1,NA,"2"
"43",1651,82,20241006,1,8,5,"S12I1",12,1,"badwater south","DV",1,0,0,0,0,0,0,0,0,4,4,4,4,4,4,6,NA,7,8,2,NA,1,NA,"2"
"44",1652,83,20241006,1,8,6,"S2I6",2,6,"zabrinski point","DV",1,0,0,0,0,0,0,0,0,0,4,4,4,4,4,6,NA,8,9,3,NA,1,NA,"3"
"45",1653,84,20241006,1,8,7,"S38I6",38,6,"bullhead city","outside",1,0,0,0,0,0,0,0,0,0,4,4,4,4,4,NA,NA,8,9,NA,NA,1,NA,"3"
"46",1654,85,20241006,1,8,8,"S36I4",36,4,"havasu","outside",1,0,0,0,0,0,0,4,4,4,4,4,4,4,4,NA,5,NA,6,NA,1,NA,NA,"1"
"47",1655,86,20241006,1,8,9,"S28I4",28,4,"hw8","outside",1,0,0,0,0,0,0,0,0,4,4,4,4,4,4,NA,6,7,8,NA,2,1,NA,"2"
"48",1657,90,20241006,1,9,2,"S31I2",31,2,"borregosprings","outside",1,0,0,0,0,0,0,0,4,4,4,4,4,4,4,NA,6,NA,7,NA,1,NA,NA,"2"
"49",1658,91,20241006,1,9,3,"S15I2",15,2,"hw190 east","DV",1,0,0,0,0,0,0,0,0,0,0,4,4,4,4,6,7,9,10,4,3,1,1,"3"
"50",1659,92,20241006,1,9,4,"S16I5",16,5,"hw190 west","DV",1,0,0,0,0,0,0,0,0,0,0,4,4,4,4,6,8,9,10,4,2,1,2,"3"
"51",1660,93,20241006,1,9,5,"S28I1",28,1,"hw8","outside",1,0,0,0,0,0,0,0,0,0,4,4,4,4,4,NA,7,8,9,NA,2,1,NA,"3"
"52",1661,94,20241006,1,9,6,"S24I5",24,5,"panamint","perimeter",1,0,0,0,0,0,0,0,0,4,4,4,4,4,4,NA,NA,7,8,NA,NA,1,NA,"2"
"53",1662,95,20241006,1,9,7,"S32I3",32,3,"salton city","outside",1,0,0,0,0,0,0,0,0,0,0,4,4,4,4,NA,NA,9,10,NA,NA,1,NA,"3"
"54",1663,96,20241006,1,9,8,"S31I1",31,1,"borregosprings","outside",1,0,0,0,0,0,0,0,0,0,4,4,4,4,4,NA,6,8,9,NA,3,1,NA,"3"
"55",1664,97,20241006,1,9,9,"S38I1",38,1,"bullhead city","outside",1,0,0,0,0,0,0,0,0,4,4,4,4,4,4,NA,6,7,8,NA,2,1,NA,"2"
"56",1665,98,20241006,1,9,10,"S37I3",37,3,"pht","outside",1,0,0,0,0,0,0,0,0,4,4,4,4,4,4,NA,NA,7,8,NA,NA,1,NA,"2"
"57",1666,101,20241006,1,10,2,"S29I4",29,4,"anzaborrego","outside",1,0,0,0,0,0,0,0,0,0,4,4,4,4,4,5,6,8,9,4,3,1,1,"3"
"58",1667,102,20241006,1,10,3,"S14I1",14,1,"spring meadows","perimeter",1,0,0,0,0,0,0,0,0,0,0,4,4,4,4,NA,6,9,10,NA,4,1,NA,"3"
"59",1668,103,20241006,1,10,4,"S30I1",30,1,"borregosprings","outside",1,0,0,0,0,0,0,0,0,4,4,4,4,4,4,6,NA,7,8,2,NA,1,NA,"2"
"60",1670,105,20241006,1,10,6,"S28I3",28,3,"hw8","outside",1,0,0,0,0,0,0,0,0,0,4,4,4,4,4,6,7,8,9,3,2,1,1,"3"
"61",1673,108,20241006,1,10,9,"S3I6",3,6,"furnace south","DV",1,0,0,0,0,0,0,0,4,4,4,4,4,4,4,NA,6,NA,7,NA,1,NA,NA,"2"
"62",1675,112,20241006,1,11,2,"S33I3",33,3,"blythe","outside",1,0,0,0,0,0,0,0,4,4,4,4,4,4,4,NA,6,NA,7,NA,1,NA,NA,"2"
"63",1676,113,20241006,1,11,3,"S13I1",13,1,"hw127","perimeter",1,0,0,0,0,0,0,0,0,0,0,4,4,4,4,6,7,9,10,4,3,1,1,"3"
"64",1677,114,20241006,1,11,4,"S33I4",33,4,"blythe","outside",1,0,0,0,0,0,0,0,0,4,4,4,4,4,4,NA,7,NA,8,NA,1,NA,NA,"2"
"65",1678,115,20241006,1,11,5,"S20I3",20,3,"furnace north","DV",1,0,0,0,0,0,0,0,0,0,0,4,4,4,4,NA,9,NA,10,NA,1,NA,NA,"3"
"66",1680,117,20241006,1,11,7,"S38I4",38,4,"bullhead city","outside",1,0,0,0,0,0,0,0,0,0,0,4,4,4,4,NA,6,9,10,NA,4,1,NA,"3"
"67",1681,118,20241006,1,11,8,"S35I2",35,2,"parker","outside",1,0,0,0,0,0,0,0,0,0,0,4,4,4,4,NA,NA,9,10,NA,NA,1,NA,"3"
"68",1683,120,20241006,1,11,10,"S39I1",39,1,"lake mead","outside",1,0,0,0,0,0,0,0,0,4,4,4,4,4,4,NA,6,7,8,NA,2,1,NA,"2"
"69",1684,123,20241006,1,12,2,"S1I2",1,2,"spring meadows","perimeter",1,0,0,0,0,0,0,0,0,0,0,4,4,4,4,NA,6,9,10,NA,4,1,NA,"3"
"70",1685,124,20241006,1,12,3,"S1I11",1,11,"spring meadows","perimeter",1,0,0,0,0,0,0,0,0,0,0,4,4,4,4,7,NA,9,10,3,NA,1,NA,"3"
"71",1687,126,20241006,1,12,5,"S14I6",14,6,"spring meadows","perimeter",1,0,0,0,0,0,0,0,0,0,4,4,4,4,4,NA,6,8,9,NA,3,1,NA,"3"
"72",1688,127,20241006,1,12,6,"S33I4",33,4,"blythe","outside",1,0,0,0,0,0,0,0,0,0,4,4,4,4,4,NA,6,8,9,NA,3,1,NA,"3"
"73",1689,128,20241006,1,12,7,"S36I2",36,2,"havasu","outside",1,0,0,0,0,0,0,0,0,0,4,4,4,4,4,NA,6,8,9,NA,3,1,NA,"3"
"74",1691,130,20241006,1,12,9,"S1I8",1,8,"spring meadows","perimeter",1,0,0,0,0,0,0,4,4,4,4,4,4,4,4,5,NA,NA,6,1,NA,NA,NA,"1"
"75",1692,131,20241006,1,12,10,"S35I6",35,6,"parker","outside",1,0,0,0,0,0,0,0,4,4,4,4,4,4,4,NA,NA,6,7,NA,NA,1,NA,"2"
"76",1694,135,20241006,1,13,3,"S33I2",33,2,"blythe","outside",1,0,0,0,0,0,0,0,4,4,4,4,4,4,4,5,NA,6,7,2,NA,1,NA,"2"
"77",1696,137,20241006,1,13,5,"S6I6",6,6,"artist","DV",1,0,0,0,0,0,0,0,0,4,4,4,4,4,4,6,NA,7,8,2,NA,1,NA,"2"
"78",1698,139,20241006,1,13,7,"S40I5",40,5,"lake mead","outside",1,0,0,0,0,0,0,0,0,4,4,4,4,4,4,6,NA,7,8,2,NA,1,NA,"2"
"79",1699,140,20241006,1,13,8,"S37I4",37,4,"pht","outside",1,0,0,0,0,0,0,0,0,0,4,4,4,4,4,6,NA,8,9,3,NA,1,NA,"3"
"80",1702,145,20241006,1,14,2,"S37I1",37,1,"pht","outside",1,0,0,0,0,0,0,0,0,0,0,0,0,0,4,NA,12,NA,13,NA,1,NA,NA,"4"
"81",1703,146,20241006,1,14,3,"S14I3",14,3,"spring meadows","perimeter",0,0,0,0,0,0,0,0,0,0,0,0,0,0,4,7,12,NA,13,6,1,NA,5,"4"
"82",1704,147,20241006,1,14,4,"S15I2",15,2,"hw190 east","DV",1,0,0,0,0,0,0,0,0,0,0,4,4,4,4,6,NA,9,10,4,NA,1,NA,"3"
"83",1707,150,20241006,1,14,7,"S17I1",17,1,"furnace south","DV",0,0,0,0,0,0,0,0,0,0,0,0,0,0,4,NA,12,NA,13,NA,1,NA,NA,"4"
"84",1708,151,20241006,1,14,8,"S24I1",24,1,"panamint","perimeter",1,0,0,0,0,0,0,0,0,0,0,0,0,4,4,6,9,11,12,6,3,1,3,"4"
"85",1709,152,20241006,1,14,9,"S14I3",14,3,"spring meadows","perimeter",1,0,0,0,0,0,0,0,0,0,4,4,4,4,4,6,NA,8,9,3,NA,1,NA,"3"
"86",1710,153,20241006,1,14,10,"S35I5",35,5,"parker","outside",1,0,0,0,0,0,0,0,4,4,4,4,4,4,4,NA,6,NA,7,NA,1,NA,NA,"2"
"87",1711,156,20241006,1,15,2,"S26I1",26,1,"panamint","perimeter",1,0,0,0,0,0,0,0,0,0,4,4,4,4,4,NA,6,8,9,NA,3,1,NA,"3"
"88",1712,157,20241006,1,15,3,"S29I3",29,3,"anzaborrego","outside",0,0,0,0,0,0,0,0,0,0,0,0,0,0,4,NA,12,NA,13,NA,1,NA,NA,"4"
"89",1713,158,20241006,1,15,4,"S27I3",27,3,"beatty","perimeter",1,0,0,0,0,0,0,0,0,4,4,4,4,4,4,NA,6,7,8,NA,2,1,NA,"2"
"90",1714,159,20241006,1,15,5,"S14I6",14,6,"spring meadows","perimeter",1,0,0,0,0,0,0,0,0,0,0,0,4,4,4,6,9,10,11,5,2,1,3,"3"
"91",1715,160,20241006,1,15,6,"S1I8",1,8,"spring meadows","perimeter",1,0,0,0,0,0,0,0,0,0,0,4,4,4,4,6,8,9,10,4,2,1,2,"3"
"92",1718,163,20241006,1,15,9,"S27I2",27,2,"beatty","perimeter",1,0,0,0,0,0,0,0,0,4,4,4,4,4,4,NA,6,7,8,NA,2,1,NA,"2"
"93",1719,164,20241006,1,15,10,"S1I11",1,11,"spring meadows","perimeter",1,0,0,0,0,0,0,0,0,0,0,4,4,4,4,NA,6,9,10,NA,4,1,NA,"3"
"94",1720,167,20241006,1,16,2,"S16I5",16,5,"hw190 west","DV",1,0,0,0,0,0,0,0,0,0,4,4,4,4,4,6,NA,8,9,3,NA,1,NA,"3"
"95",1721,168,20241006,1,16,3,"S24I1",24,1,"panamint","perimeter",1,0,0,0,0,0,0,0,0,0,0,0,0,0,4,6,11,12,13,7,2,1,5,"4"
"96",1722,169,20241006,1,16,4,"S35I6",35,6,"parker","outside",1,0,0,0,0,0,0,0,4,4,4,4,4,4,4,NA,6,NA,7,NA,1,NA,NA,"2"
"97",1723,170,20241006,1,16,5,"S37I4",37,4,"pht","outside",1,0,0,0,0,0,0,0,0,0,4,4,4,4,4,NA,6,8,9,NA,3,1,NA,"3"
"98",1725,172,20241006,1,16,7,"S27I1",27,1,"beatty","perimeter",1,0,0,0,0,0,0,0,0,0,4,4,4,4,4,5,NA,8,9,4,NA,1,NA,"3"
"99",1726,173,20241006,1,16,8,"S26I1",26,1,"panamint","perimeter",1,0,0,0,0,0,0,0,0,0,0,4,4,4,4,NA,9,NA,10,NA,1,NA,NA,"3"
"100",1727,174,20241006,1,16,9,"S38I6",38,6,"bullhead city","outside",1,0,0,0,0,0,0,0,0,4,4,4,4,4,4,NA,6,7,8,NA,2,1,NA,"2"
"101",1728,175,20241006,1,16,10,"S39I3",39,3,"lake mead","outside",1,0,0,0,0,0,0,0,0,4,4,4,4,4,4,NA,6,7,8,NA,2,1,NA,"2"
"102",1729,178,20241006,1,17,2,"S27I1",27,1,"beatty","perimeter",1,0,0,0,0,0,0,0,4,4,4,4,4,4,4,NA,6,NA,7,NA,1,NA,NA,"2"
"103",1731,180,20241006,1,17,4,"S27I3",27,3,"beatty","perimeter",1,0,0,0,0,0,0,0,0,0,0,4,4,4,4,6,8,9,10,4,2,1,2,"3"
"104",1732,181,20241006,1,17,5,"S24I5",24,5,"panamint","perimeter",1,0,0,0,0,0,0,0,0,4,4,4,4,4,4,6,NA,7,8,2,NA,1,NA,"2"
"105",1734,183,20241006,1,17,7,"S22I2",22,2,"stovepipe","DV",1,0,0,0,0,0,0,0,0,0,0,4,4,4,4,6,8,9,10,4,2,1,2,"3"
"106",1736,185,20241006,1,17,9,"S32I4",32,4,"salton city","outside",1,0,0,0,0,0,0,0,0,0,0,4,4,4,4,5,6,9,10,5,4,1,1,"3"
"107",1737,186,20241006,1,17,10,"S31I1",31,1,"borregosprings","outside",1,0,0,0,0,0,0,0,4,4,4,4,4,4,4,5,6,NA,7,2,1,NA,1,"2"
"108",1740,191,20241006,1,18,4,"S20I3",20,3,"furnace north","DV",1,0,0,0,0,0,0,0,0,0,0,0,4,4,4,NA,6,10,11,NA,5,1,NA,"3"
"109",1742,193,20241006,1,18,6,"S31I2",31,2,"borregosprings","outside",1,0,0,0,0,0,0,0,0,0,0,4,4,4,4,NA,9,NA,10,NA,1,NA,NA,"3"
"110",1743,194,20241006,1,18,7,"S39I6",39,6,"lake mead","outside",1,0,0,0,0,0,0,0,0,4,4,4,4,4,4,6,7,NA,8,2,1,NA,1,"2"
"111",1744,195,20241006,1,18,8,"S31I5",31,5,"borregosprings","outside",1,0,0,0,0,0,0,0,0,0,0,4,4,4,4,NA,9,NA,10,NA,1,NA,NA,"3"
"112",1746,197,20241006,1,18,10,"S39I1",39,1,"lake mead","outside",1,0,0,0,0,0,0,0,0,4,4,4,4,4,4,6,NA,7,8,2,NA,1,NA,"2"
"113",1749,202,20241006,1,19,4,"S16I4",16,4,"hw190 west","DV",1,0,0,0,0,0,0,0,4,4,4,4,4,4,4,NA,6,NA,7,NA,1,NA,NA,"2"
"114",1750,203,20241006,1,19,5,"S13I1",13,1,"hw127","perimeter",1,0,0,0,0,0,0,0,0,0,0,0,4,4,4,5,9,10,11,6,2,1,4,"3"
"115",1751,204,20241006,1,19,6,"S6I6",6,6,"artist","DV",1,0,0,0,0,0,0,0,0,0,0,0,4,4,4,6,7,10,11,5,4,1,1,"3"
"116",1753,206,20241006,1,19,8,"S1I9",1,9,"spring meadows","perimeter",1,0,0,0,0,0,0,0,0,0,0,4,4,4,4,NA,6,9,10,NA,4,1,NA,"3"
"117",1754,207,20241006,1,19,9,"S14I1",14,1,"spring meadows","perimeter",1,0,0,0,0,0,0,0,0,0,0,4,4,4,4,6,8,9,10,4,2,1,2,"3"
"118",1755,208,20241006,1,19,10,"S28I2",28,2,"hw8","outside",1,0,0,0,0,0,0,0,0,0,0,4,4,4,4,NA,6,9,10,NA,4,1,NA,"3"
"119",1756,233,20241006,2,2,2,"S16I4",16,4,"hw190 west","DV",1,0,0,0,0,0,0,0,4,4,4,4,4,4,4,5,6,NA,7,2,1,NA,1,"2"
"120",1757,234,20241006,2,2,3,"S35I1",35,1,"parker","outside",1,0,0,0,0,0,0,0,4,4,4,4,4,4,4,NA,5,6,7,NA,2,1,NA,"2"
"121",1758,235,20241006,2,2,4,"S14I6",14,6,"spring meadows","perimeter",1,0,0,0,0,0,0,0,0,0,4,4,4,4,4,NA,6,8,9,NA,3,1,NA,"3"
"122",1759,236,20241006,2,2,5,"S12I1",12,1,"badwater south","DV",1,0,0,0,0,0,0,0,0,4,4,4,4,4,4,NA,6,7,8,NA,2,1,NA,"2"
"123",1761,238,20241006,2,2,7,"S33I2",33,2,"blythe","outside",1,0,0,0,0,0,0,0,4,4,4,4,4,4,4,NA,NA,6,7,NA,NA,1,NA,"2"
"124",1762,239,20241006,2,2,8,"S28I1",28,1,"hw8","outside",1,0,0,0,0,0,0,0,0,0,0,4,4,4,4,NA,6,9,10,NA,4,1,NA,"3"
"125",1763,240,20241006,2,2,9,"S34I1",34,1,"quartz","outside",1,0,0,0,0,0,0,0,0,0,0,4,4,4,4,NA,6,9,10,NA,4,1,NA,"3"
"126",1764,241,20241006,2,2,10,"S23I5",23,5,"stovepipe","DV",1,0,0,0,0,0,0,0,0,4,4,4,4,4,4,5,6,7,8,3,2,1,1,"2"
"127",1765,244,20241006,2,3,2,"S25I1",25,1,"panamint","perimeter",1,0,0,0,0,0,0,0,4,4,4,4,4,4,4,NA,NA,6,7,NA,NA,1,NA,"2"
"128",1766,245,20241006,2,3,3,"S31I1",31,1,"borregosprings","outside",1,0,0,0,0,0,0,0,0,4,4,4,4,4,4,NA,6,7,8,NA,2,1,NA,"2"
"129",1767,246,20241006,2,3,4,"S35I2",35,2,"parker","outside",1,0,0,0,0,0,0,0,0,4,4,4,4,4,4,NA,6,7,8,NA,2,1,NA,"2"
"130",1768,247,20241006,2,3,5,"S38I6",38,6,"bullhead city","outside",1,0,0,0,0,0,0,0,0,0,0,4,4,4,4,NA,6,9,10,NA,4,1,NA,"3"
"131",1769,248,20241006,2,3,6,"S31I2",31,2,"borregosprings","outside",1,0,0,0,0,0,0,0,0,0,0,4,4,4,4,NA,6,9,10,NA,4,1,NA,"3"
"132",1770,249,20241006,2,3,7,"S28I3",28,3,"hw8","outside",1,0,0,0,0,0,0,0,0,0,0,4,4,4,4,NA,6,9,10,NA,4,1,NA,"3"
"133",1772,251,20241006,2,3,9,"S36I4",36,4,"havasu","outside",1,0,0,0,0,0,0,0,0,0,4,4,4,4,4,NA,6,8,9,NA,3,1,NA,"3"
"134",1773,252,20241006,2,3,10,"S2I6",2,6,"zabrinski point","DV",1,0,0,0,0,0,0,0,0,4,4,4,4,4,4,NA,6,7,8,NA,2,1,NA,"2"
"135",1774,255,20241006,2,4,2,"S29I4",29,4,"anzaborrego","outside",1,0,0,0,0,0,0,0,4,4,4,4,4,4,4,5,6,NA,7,2,1,NA,1,"2"
"136",1778,259,20241006,2,4,6,"S1I8",1,8,"spring meadows","perimeter",1,0,0,0,0,0,0,0,4,4,4,4,4,4,4,NA,6,NA,7,NA,1,NA,NA,"2"
"137",1779,260,20241006,2,4,7,"S35I1",35,1,"parker","outside",1,0,0,0,0,0,0,0,0,0,4,4,4,4,4,NA,6,8,9,NA,3,1,NA,"3"
"138",1780,261,20241006,2,4,8,"S14I1",14,1,"spring meadows","perimeter",1,0,0,0,0,0,0,0,0,0,0,4,4,4,4,NA,6,9,10,NA,4,1,NA,"3"
"139",1781,262,20241006,2,4,9,"S35I6",35,6,"parker","outside",1,0,0,0,0,0,0,0,4,4,4,4,4,4,4,NA,6,NA,7,NA,1,NA,NA,"2"
"140",1782,263,20241006,2,4,10,"S38I4",38,4,"bullhead city","outside",1,0,0,0,0,0,0,0,0,4,4,4,4,4,4,NA,6,7,8,NA,2,1,NA,"2"
"141",1783,266,20241006,2,5,2,"S27I2",27,2,"beatty","perimeter",1,0,0,0,0,0,0,0,4,4,4,4,4,4,4,NA,NA,6,7,NA,NA,1,NA,"2"
"142",1784,267,20241006,2,5,3,"S40I5",40,5,"lake mead","outside",1,0,0,0,0,0,0,0,0,4,4,4,4,4,4,NA,6,7,8,NA,2,1,NA,"2"
"143",1785,268,20241006,2,5,4,"S9I2",9,2,"badwater south","DV",1,0,0,0,0,0,0,0,4,4,4,4,4,4,4,5,NA,6,7,2,NA,1,NA,"2"
"144",1789,272,20241006,2,5,8,"S38I1",38,1,"bullhead city","outside",1,0,0,0,0,0,0,0,0,0,4,4,4,4,4,NA,6,8,9,NA,3,1,NA,"3"
"145",1791,274,20241006,2,5,10,"S20I3",20,3,"furnace north","DV",1,0,0,0,0,0,0,0,4,4,4,4,4,4,4,5,6,NA,7,2,1,NA,1,"2"
"146",1793,278,20241006,2,6,3,"S33I4",33,4,"blythe","outside",1,0,0,0,0,0,0,0,4,4,4,4,4,4,4,5,6,NA,7,2,1,NA,1,"2"
"147",1794,279,20241006,2,6,4,"S1I2",1,2,"spring meadows","perimeter",1,0,0,0,0,0,0,0,4,4,4,4,4,4,4,NA,6,NA,7,NA,1,NA,NA,"2"
"148",1795,280,20241006,2,6,5,"S32I4",32,4,"salton city","outside",1,0,0,0,0,0,0,0,0,0,0,4,4,4,4,NA,6,9,10,NA,4,1,NA,"3"
"149",1796,281,20241006,2,6,6,"S40I5",40,5,"lake mead","outside",1,0,0,0,0,0,0,0,4,4,4,4,4,4,4,NA,6,NA,7,NA,1,NA,NA,"2"
"150",1797,282,20241006,2,6,7,"S3I1",3,1,"furnace south","DV",1,0,0,0,0,0,0,0,0,4,4,4,4,4,4,6,NA,7,8,2,NA,1,NA,"2"
"151",1798,283,20241006,2,6,8,"S28I3",28,3,"hw8","outside",1,0,0,0,0,0,0,0,0,4,4,4,4,4,4,NA,6,7,8,NA,2,1,NA,"2"
"152",1799,284,20241006,2,6,9,"S36I4",36,4,"havasu","outside",1,0,0,0,0,0,0,0,0,0,4,4,4,4,4,NA,6,8,9,NA,3,1,NA,"3"
"153",1801,288,20241006,2,7,2,"S13I2",13,2,"hw127","perimeter",1,0,0,0,0,0,0,0,0,0,4,4,4,4,4,5,NA,8,9,4,NA,1,NA,"3"
"154",1802,289,20241006,2,7,3,"S14I5",14,5,"spring meadows","perimeter",1,0,0,0,0,0,0,0,4,4,4,4,4,4,4,NA,6,NA,7,NA,1,NA,NA,"2"
"155",1803,290,20241006,2,7,4,"S34I1",34,1,"quartz","outside",1,0,0,0,0,0,0,0,0,4,4,4,4,4,4,NA,7,NA,8,NA,1,NA,NA,"2"
"156",1804,291,20241006,2,7,5,"S16I4",16,4,"hw190 west","DV",1,0,0,0,0,0,0,0,0,4,4,4,4,4,4,NA,6,7,8,NA,2,1,NA,"2"
"157",1805,292,20241006,2,7,6,"S17I1",17,1,"furnace south","DV",1,0,0,0,0,0,0,0,0,0,4,4,4,4,4,NA,6,8,9,NA,3,1,NA,"3"
"158",1806,293,20241006,2,7,7,"S38I6",38,6,"bullhead city","outside",1,0,0,0,0,0,0,0,0,4,4,4,4,4,4,NA,6,7,8,NA,2,1,NA,"2"
"159",1807,294,20241006,2,7,8,"S28I2",28,2,"hw8","outside",1,0,0,0,0,0,0,0,0,4,4,4,4,4,4,5,NA,7,8,3,NA,1,NA,"2"
"160",1809,296,20241006,2,7,10,"S20I3",20,3,"furnace north","DV",1,0,0,0,0,0,0,0,4,4,4,4,4,4,4,NA,6,NA,7,NA,1,NA,NA,"2"
"161",1810,299,20241006,2,8,2,"S31I2",31,2,"borregosprings","outside",1,0,0,0,0,0,0,0,0,4,4,4,4,4,4,NA,6,7,8,NA,2,1,NA,"2"
"162",1812,301,20241006,2,8,4,"S27I3",27,3,"beatty","perimeter",1,0,0,0,0,0,0,0,4,4,4,4,4,4,4,NA,6,NA,7,NA,1,NA,NA,"2"
"163",1813,302,20241006,2,8,5,"S3I5",3,5,"furnace south","DV",1,0,0,0,0,0,0,0,4,4,4,4,4,4,4,NA,NA,6,7,NA,NA,1,NA,"2"
"164",1818,307,20241006,2,8,10,"S15I2",15,2,"hw190 east","DV",1,0,0,0,0,0,0,0,4,4,4,4,4,4,4,NA,6,NA,7,NA,1,NA,NA,"2"
"165",1819,310,20241006,2,9,2,"S13I1",13,1,"hw127","perimeter",1,0,0,0,0,0,0,0,0,4,4,4,4,4,4,5,6,7,8,3,2,1,1,"2"
"166",1820,311,20241006,2,9,3,"S12I3",12,3,"badwater south","DV",1,0,0,0,0,0,0,0,0,4,4,4,4,4,4,NA,6,7,8,NA,2,1,NA,"2"
"167",1821,312,20241006,2,9,4,"S28I2",28,2,"hw8","outside",1,0,0,0,0,0,0,0,4,4,4,4,4,4,4,NA,6,NA,7,NA,1,NA,NA,"2"
"168",1822,313,20241006,2,9,5,"S28I1",28,1,"hw8","outside",1,0,0,0,0,0,0,0,4,4,4,4,4,4,4,NA,NA,6,7,NA,NA,1,NA,"2"
"169",1823,314,20241006,2,9,6,"S39I6",39,6,"lake mead","outside",1,0,0,0,0,0,0,0,0,4,4,4,4,4,4,NA,6,7,8,NA,2,1,NA,"2"
"170",1824,315,20241006,2,9,7,"S37I3",37,3,"pht","outside",1,0,0,0,0,0,0,0,0,4,4,4,4,4,4,NA,6,7,8,NA,2,1,NA,"2"
"171",1825,316,20241006,2,9,8,"S33I3",33,3,"blythe","outside",1,0,0,0,0,0,0,4,4,4,4,4,4,4,4,NA,5,NA,6,NA,1,NA,NA,"1"
"172",1826,317,20241006,2,9,9,"S35I5",35,5,"parker","outside",1,0,0,0,0,0,0,0,4,4,4,4,4,4,4,NA,NA,6,7,NA,NA,1,NA,"2"
"173",1828,321,20241006,2,10,2,"S24I5",24,5,"panamint","perimeter",1,0,0,0,0,0,0,0,4,4,4,4,4,4,4,NA,6,NA,7,NA,1,NA,NA,"2"
"174",1829,322,20241006,2,10,3,"S24I1",24,1,"panamint","perimeter",1,0,0,0,0,0,0,0,0,4,4,4,4,4,4,NA,6,7,8,NA,2,1,NA,"2"
"175",1830,323,20241006,2,10,4,"S36I1",36,1,"havasu","outside",1,0,0,0,0,0,0,0,0,4,4,4,4,4,4,NA,6,7,8,NA,2,1,NA,"2"
"176",1831,324,20241006,2,10,5,"S33I1",33,1,"blythe","outside",1,0,0,0,0,0,0,4,4,4,4,4,4,4,4,NA,NA,NA,6,NA,NA,NA,NA,"1"
"177",1832,325,20241006,2,10,6,"S1I11",1,11,"spring meadows","perimeter",1,0,0,0,0,0,0,0,4,4,4,4,4,4,4,NA,5,6,7,NA,2,1,NA,"2"
"178",1834,327,20241006,2,10,8,"S31I5",31,5,"borregosprings","outside",1,0,0,0,0,0,0,0,0,4,4,4,4,4,4,NA,6,7,8,NA,2,1,NA,"2"
"179",1835,328,20241006,2,10,9,"S26I1",26,1,"panamint","perimeter",1,0,0,0,0,0,0,0,0,4,4,4,4,4,4,NA,7,NA,8,NA,1,NA,NA,"2"
"180",1836,329,20241006,2,10,10,"S39I3",39,3,"lake mead","outside",1,0,0,0,0,0,0,0,0,4,4,4,4,4,4,6,NA,7,8,2,NA,1,NA,"2"
"181",1839,334,20241006,2,11,4,"S28I4",28,4,"hw8","outside",1,0,0,0,0,0,0,0,0,4,4,4,4,4,4,6,NA,7,8,2,NA,1,NA,"2"
"182",1840,335,20241006,2,11,5,"S33I3",33,3,"blythe","outside",1,0,0,0,0,0,0,0,0,0,0,4,4,4,4,NA,NA,9,10,NA,NA,1,NA,"3"
"183",1842,337,20241006,2,11,7,"S16I5",16,5,"hw190 west","DV",1,0,0,0,0,0,0,0,4,4,4,4,4,4,4,5,6,NA,7,2,1,NA,1,"2"
"184",1843,338,20241006,2,11,8,"S34I5",34,5,"quartz","outside",1,0,0,0,0,0,0,0,0,4,4,4,4,4,4,NA,6,7,8,NA,2,1,NA,"2"
"185",1844,339,20241006,2,11,9,"S35I5",35,5,"parker","outside",1,0,0,0,0,0,0,0,0,0,0,4,4,4,4,6,NA,9,10,4,NA,1,NA,"3"
"186",1845,340,20241006,2,11,10,"S39I1",39,1,"lake mead","outside",1,0,0,0,0,0,0,0,0,0,0,4,4,4,4,6,NA,9,10,4,NA,1,NA,"3"
"187",1846,343,20241006,2,12,2,"S27I6",27,6,"beatty","perimeter",1,0,0,0,0,0,0,0,4,4,4,4,4,4,4,5,6,NA,7,2,1,NA,1,"2"
"188",1848,345,20241006,2,12,4,"S32I3",32,3,"salton city","outside",1,0,0,0,0,0,0,0,4,4,4,4,4,4,4,NA,NA,6,7,NA,NA,1,NA,"2"
"189",1849,346,20241006,2,12,5,"S35I2",35,2,"parker","outside",1,0,0,0,0,0,0,0,4,4,4,4,4,4,4,NA,6,NA,7,NA,1,NA,NA,"2"
"190",1851,348,20241006,2,12,7,"S27I6",27,6,"beatty","perimeter",1,0,0,0,0,0,0,0,4,4,4,4,4,4,4,NA,6,NA,7,NA,1,NA,NA,"2"
"191",1852,349,20241006,2,12,8,"S32I1",32,1,"salton city","outside",1,0,0,0,0,0,0,0,0,0,0,4,4,4,4,NA,6,9,10,NA,4,1,NA,"3"
"192",1853,350,20241006,2,12,9,"S37I4",37,4,"pht","outside",1,0,0,0,0,0,0,0,0,4,4,4,4,4,4,NA,6,7,8,NA,2,1,NA,"2"
"193",1854,351,20241006,2,12,10,"S26I1",26,1,"panamint","perimeter",1,0,0,0,0,0,0,0,0,4,4,4,4,4,4,NA,6,7,8,NA,2,1,NA,"2"
"194",1855,354,20241006,2,13,2,"S3I6",3,6,"furnace south","DV",1,0,0,0,0,0,0,0,0,0,4,4,4,4,4,6,NA,8,9,3,NA,1,NA,"3"
"195",1856,355,20241006,2,13,3,"S37I1",37,1,"pht","outside",1,0,0,0,0,0,0,0,0,4,4,4,4,4,4,NA,NA,7,8,NA,NA,1,NA,"2"
"196",1857,356,20241006,2,13,4,"S32I1",32,1,"salton city","outside",1,0,0,0,0,0,0,0,4,4,4,4,4,4,4,NA,NA,NA,7,NA,NA,NA,NA,"2"
"197",1858,357,20241006,2,13,5,"S37I1",37,1,"pht","outside",1,0,0,0,0,0,0,0,0,0,0,4,4,4,4,5,6,9,10,5,4,1,1,"3"
"198",1859,358,20241006,2,13,6,"S14I1",14,1,"spring meadows","perimeter",1,0,0,0,0,0,0,4,4,4,4,4,4,4,4,5,NA,NA,6,1,NA,NA,NA,"1"
"199",1861,360,20241006,2,13,8,"S34I5",34,5,"quartz","outside",1,0,0,0,0,0,0,0,0,0,4,4,4,4,4,NA,6,8,9,NA,3,1,NA,"3"
"200",1862,361,20241006,2,13,9,"S1I11",1,11,"spring meadows","perimeter",1,0,0,0,0,0,0,0,0,0,4,4,4,4,4,NA,6,8,9,NA,3,1,NA,"3"
"201",1865,366,20241006,2,14,3,"S22I2",22,2,"stovepipe","DV",1,0,0,0,0,0,0,0,0,4,4,4,4,4,4,NA,6,7,8,NA,2,1,NA,"2"
"202",1866,367,20241006,2,14,4,"S33I2",33,2,"blythe","outside",1,0,0,0,0,0,0,0,0,0,4,4,4,4,4,NA,6,8,9,NA,3,1,NA,"3"
"203",1867,368,20241006,2,14,5,"S15I2",15,2,"hw190 east","DV",1,0,0,0,0,0,0,0,0,0,0,4,4,4,4,NA,6,9,10,NA,4,1,NA,"3"
"204",1868,369,20241006,2,14,6,"S32I2",32,2,"salton city","outside",1,0,0,0,0,0,0,0,0,4,4,4,4,4,4,NA,6,7,8,NA,2,1,NA,"2"
"205",1869,370,20241006,2,14,7,"S29I1",29,1,"anzaborrego","outside",1,0,0,0,0,0,0,0,4,4,4,4,4,4,4,NA,6,NA,7,NA,1,NA,NA,"2"
"206",1871,372,20241006,2,14,9,"S1I8",1,8,"spring meadows","perimeter",1,0,0,0,0,0,0,0,0,0,0,4,4,4,4,NA,6,9,10,NA,4,1,NA,"3"
"207",1873,376,20241006,2,15,2,"S33I4",33,4,"blythe","outside",1,0,0,0,0,0,0,0,0,0,0,4,4,4,4,5,6,9,10,5,4,1,1,"3"
"208",1874,377,20241006,2,15,3,"S31I1",31,1,"borregosprings","outside",1,0,0,0,0,0,0,0,0,0,4,4,4,4,4,NA,6,8,9,NA,3,1,NA,"3"
"209",1875,378,20241006,2,15,4,"S24I1",24,1,"panamint","perimeter",1,0,0,0,0,0,0,0,0,4,4,4,4,4,4,NA,6,7,8,NA,2,1,NA,"2"
"210",1876,379,20241006,2,15,5,"S37I3",37,3,"pht","outside",1,0,0,0,0,0,0,0,0,0,4,4,4,4,4,6,NA,8,9,3,NA,1,NA,"3"
"211",1877,380,20241006,2,15,6,"S37I4",37,4,"pht","outside",1,0,0,0,0,0,0,0,0,0,4,4,4,4,4,6,NA,8,9,3,NA,1,NA,"3"
"212",1878,381,20241006,2,15,7,"S30I1",30,1,"borregosprings","outside",1,0,0,0,0,0,0,0,0,4,4,4,4,4,4,6,7,NA,8,2,1,NA,1,"2"
"213",1879,382,20241006,2,15,8,"S14I3",14,3,"spring meadows","perimeter",0,0,0,0,0,0,0,0,0,0,0,0,0,0,4,6,12,7,13,7,1,6,6,"4"
"214",1880,383,20241006,2,15,9,"S29I1",29,1,"anzaborrego","outside",1,0,0,0,0,0,0,0,0,4,4,4,4,4,4,NA,6,7,8,NA,2,1,NA,"2"
"215",1881,384,20241006,2,15,10,"S16I5",16,5,"hw190 west","DV",1,0,0,0,0,0,0,0,0,0,4,4,4,4,4,NA,6,8,9,NA,3,1,NA,"3"
"216",1882,387,20241006,2,16,2,"S36I1",36,1,"havasu","outside",1,0,0,0,0,0,0,0,0,4,4,4,4,4,4,NA,6,7,8,NA,2,1,NA,"2"
"217",1883,388,20241006,2,16,3,"S15I1",15,1,"hw190 east","DV",1,0,0,0,0,0,0,0,0,0,4,4,4,4,4,6,7,8,9,3,2,1,1,"3"
"218",1887,392,20241006,2,16,7,"S1I2",1,2,"spring meadows","perimeter",1,0,0,0,0,0,0,0,0,4,4,4,4,4,4,6,7,NA,8,2,1,NA,1,"2"
"219",1889,394,20241006,2,16,9,"S17I1",17,1,"furnace south","DV",1,0,0,0,0,0,0,0,0,4,4,4,4,4,4,NA,7,NA,8,NA,1,NA,NA,"2"
"220",1890,395,20241006,2,16,10,"S30I1",30,1,"borregosprings","outside",1,0,0,0,0,0,0,0,0,0,4,4,4,4,4,NA,6,8,9,NA,3,1,NA,"3"
"221",1892,399,20241006,2,17,3,"S34I3",34,3,"quartz","outside",1,0,0,0,0,0,0,0,0,4,4,4,4,4,4,5,6,7,8,3,2,1,1,"2"
"222",1895,402,20241006,2,17,6,"S1I9",1,9,"spring meadows","perimeter",1,0,0,0,0,0,0,0,0,4,4,4,4,4,4,6,NA,7,8,2,NA,1,NA,"2"
"223",1897,404,20241006,2,17,8,"S27I3",27,3,"beatty","perimeter",1,0,0,0,0,0,0,0,0,0,4,4,4,4,4,5,6,8,9,4,3,1,1,"3"
"224",1898,405,20241006,2,17,9,"S29I3",29,3,"anzaborrego","outside",1,0,0,0,0,0,0,0,4,4,4,4,4,4,4,NA,6,NA,7,NA,1,NA,NA,"2"
"225",1899,406,20241006,2,17,10,"S39I1",39,1,"lake mead","outside",1,0,0,0,0,0,0,0,4,4,4,4,4,4,4,NA,6,NA,7,NA,1,NA,NA,"2"
"226",1902,411,20241006,2,18,4,"S38I1",38,1,"bullhead city","outside",1,0,0,0,0,0,0,0,4,4,4,4,4,4,4,NA,NA,6,7,NA,NA,1,NA,"2"
"227",1903,412,20241006,2,18,5,"S14I3",14,3,"spring meadows","perimeter",1,0,0,0,0,0,0,0,0,0,0,4,4,4,4,6,8,9,10,4,2,1,2,"3"
"228",1904,413,20241006,2,18,6,"S1I9",1,9,"spring meadows","perimeter",1,0,0,0,0,0,0,0,0,4,4,4,4,4,4,NA,6,7,8,NA,2,1,NA,"2"
"229",1909,420,20241006,2,19,2,"S27I1",27,1,"beatty","perimeter",1,0,0,0,0,0,0,0,4,4,4,4,4,4,4,4,6,NA,7,3,1,NA,2,"2"
"230",1910,421,20241006,2,19,3,"S25I1",25,1,"panamint","perimeter",1,0,0,0,0,0,0,4,4,4,4,4,4,4,4,NA,NA,5,6,NA,NA,1,NA,"1"
"231",1911,422,20241006,2,19,4,"S12I3",12,3,"badwater south","DV",1,0,0,0,0,0,0,0,0,0,4,4,4,4,4,NA,7,8,9,NA,2,1,NA,"3"
"232",1912,423,20241006,2,19,5,"S22I2",22,2,"stovepipe","DV",1,0,0,0,0,0,0,0,4,4,4,4,4,4,4,6,NA,NA,7,1,NA,NA,NA,"2"
"233",1915,426,20241006,2,19,8,"S32I4",32,4,"salton city","outside",1,0,0,0,0,0,0,0,0,0,0,4,4,4,4,NA,6,9,10,NA,4,1,NA,"3"
