"","id","cell","tray","row","col","si","site","individual","d9","d13","family","where","time_to_one","time_to_two","time_to_three","time_to_four","time_to_four_adj","fustat","day_sum","dead_count","experiment"
"1","4828",13,"1","2","2","S14I3","14","3","5","0","spring meadows","perimeter",NA,NA,NA,NA,NA,0,3,0,20250922
"2","4830",15,"1","2","4","S1I7","1","7","0","0","spring meadows","perimeter",NA,NA,NA,NA,NA,0,2,0,20250922
"3","4831",16,"1","2","5","S15I5","15","5","0","0","hw190 east","DV",NA,NA,NA,NA,NA,0,2,0,20250922
"4","4834",19,"1","2","8","S1I5","1","5","0","0","spring meadows","perimeter",NA,NA,NA,NA,NA,0,2,0,20250922
"5","4835",20,"1","2","9","S14I3","14","3","0","0","spring meadows","perimeter",NA,NA,NA,NA,NA,0,2,0,20250922
"6","4836",21,"1","2","10","S1I8","1","8","0","0","spring meadows","perimeter",NA,NA,NA,NA,NA,0,2,0,20250922
"7","4838",25,"1","3","3","S13I2","13","2","0","0","hw127","perimeter",NA,NA,NA,NA,NA,0,2,0,20250922
"8","4839",26,"1","3","4","S15I2","15","2","5","5","hw190 east","DV",NA,NA,NA,NA,NA,0,5,0,20250922
"9","4840",27,"1","3","5","S1I7","1","7","0","0","spring meadows","perimeter",NA,NA,NA,NA,NA,0,2,0,20250922
"10","4841",28,"1","3","6","S15I5","15","5","0","0","hw190 east","DV",NA,NA,NA,NA,NA,0,2,0,20250922
"11","4842",29,"1","3","7","S1I8","1","8","5","5","spring meadows","perimeter",NA,NA,NA,NA,NA,0,5,0,20250922
"12","4845",32,"1","3","10","S15I5","15","5","5","5","hw190 east","DV",NA,NA,NA,NA,NA,0,5,0,20250922
"13","4846",35,"1","4","2","S1I7","1","7","0","5","spring meadows","perimeter",NA,NA,NA,NA,NA,0,4,0,20250922
"14","4848",37,"1","4","4","S1I11","1","11","0","0","spring meadows","perimeter",NA,NA,NA,NA,NA,0,2,0,20250922
"15","4849",38,"1","4","5","S1I2","1","2","0","0","spring meadows","perimeter",NA,NA,NA,NA,NA,0,2,0,20250922
"16","4851",40,"1","4","7","S15I2","15","2","0","0","hw190 east","DV",NA,NA,NA,NA,NA,0,2,0,20250922
"17","4852",41,"1","4","8","S14I1","14","1","0","0","spring meadows","perimeter",NA,NA,NA,NA,NA,0,2,0,20250922
"18","4853",42,"1","4","9","S13I2","13","2","5","5","hw127","perimeter",NA,NA,NA,NA,NA,0,5,0,20250922
"19","4854",43,"1","4","10","S1I2","1","2","0","0","spring meadows","perimeter",NA,NA,NA,NA,NA,0,2,0,20250922
"20","4855",46,"1","5","2","S13I1","13","1","5","5","hw127","perimeter",NA,NA,NA,NA,NA,0,5,0,20250922
"21","4856",47,"1","5","3","S14I2","14","2","0","0","spring meadows","perimeter",NA,NA,NA,NA,NA,0,2,0,20250922
"22","4857",48,"1","5","4","S1I2","1","2","0","0","spring meadows","perimeter",NA,NA,NA,NA,NA,0,2,0,20250922
"23","4858",49,"1","5","5","S15I2","15","2","0","0","hw190 east","DV",NA,NA,NA,NA,NA,0,2,0,20250922
"24","4859",50,"1","5","6","S14I3","14","3","0","5","spring meadows","perimeter",NA,NA,NA,NA,NA,0,4,0,20250922
"25","4860",51,"1","5","7","S1I4","1","4","0","0","spring meadows","perimeter",NA,NA,NA,NA,NA,0,2,0,20250922
"26","4861",52,"1","5","8","S1I2","1","2","0","0","spring meadows","perimeter",NA,NA,NA,NA,NA,0,2,0,20250922
"27","4862",53,"1","5","9","S15I2","15","2","5","0","hw190 east","DV",NA,NA,NA,NA,NA,0,3,0,20250922
"28","4863",54,"1","5","10","S1I11","1","11","5","5","spring meadows","perimeter",NA,NA,NA,NA,NA,0,5,0,20250922
"29","4867",60,"1","6","5","S1I11","1","11","5","5","spring meadows","perimeter",NA,NA,NA,NA,NA,0,5,0,20250922
"30","4868",61,"1","6","6","S15I2","15","2","0","5","hw190 east","DV",NA,NA,NA,NA,NA,0,4,0,20250922
"31","4869",62,"1","6","7","S13I2","13","2","0","5","hw127","perimeter",NA,NA,NA,NA,NA,0,4,0,20250922
"32","4871",64,"1","6","9","S15I5","15","5","5","5","hw190 east","DV",NA,NA,NA,NA,NA,0,5,0,20250922
"33","4872",65,"1","6","10","S14I2","14","2","5","5","spring meadows","perimeter",NA,NA,NA,NA,NA,0,5,0,20250922
"34","4873",68,"1","7","2","S1I2","1","2","0","0","spring meadows","perimeter",NA,NA,NA,NA,NA,0,2,0,20250922
"35","4874",69,"1","7","3","S13I2","13","2","5","5","hw127","perimeter",NA,NA,NA,NA,NA,0,5,0,20250922
"36","4876",71,"1","7","5","S15I2","15","2","0","0","hw190 east","DV",NA,NA,NA,NA,NA,0,2,0,20250922
"37","4877",72,"1","7","6","S15I5","15","5","0","0","hw190 east","DV",NA,NA,NA,NA,NA,0,2,0,20250922
"38","4878",73,"1","7","7","S13I1","13","1","5","0","hw127","perimeter",NA,NA,NA,NA,NA,0,3,0,20250922
"39","4879",74,"1","7","8","S1I4","1","4","0","0","spring meadows","perimeter",NA,NA,NA,NA,NA,0,2,0,20250922
"40","4880",75,"1","7","9","S15I4","15","4","0","0","hw190 east","DV",NA,NA,NA,NA,NA,0,2,0,20250922
"41","4882",79,"1","8","2","S13I1","13","1","0","0","hw127","perimeter",NA,NA,NA,NA,NA,0,2,0,20250922
"42","4887",84,"1","8","7","S14I3","14","3","0","5","spring meadows","perimeter",NA,NA,NA,NA,NA,0,4,0,20250922
"43","4889",86,"1","8","9","S1I11","1","11","0","0","spring meadows","perimeter",NA,NA,NA,NA,NA,0,2,0,20250922
"44","4891",90,"1","9","2","S1I2","1","2","0","5","spring meadows","perimeter",NA,NA,NA,NA,NA,0,4,0,20250922
"45","4892",91,"1","9","3","S13I1","13","1","5","0","hw127","perimeter",NA,NA,NA,NA,NA,0,3,0,20250922
"46","4893",92,"1","9","4","S1I11","1","11","0","0","spring meadows","perimeter",NA,NA,NA,NA,NA,0,2,0,20250922
"47","4894",93,"1","9","5","S1I11","1","11","0","0","spring meadows","perimeter",NA,NA,NA,NA,NA,0,2,0,20250922
"48","4895",94,"1","9","6","S15I5","15","5","0","0","hw190 east","DV",NA,NA,NA,NA,NA,0,2,0,20250922
"49","4896",95,"1","9","7","S13I2","13","2","0","0","hw127","perimeter",NA,NA,NA,NA,NA,0,2,0,20250922
"50","4897",96,"1","9","8","S15I5","15","5","0","0","hw190 east","DV",NA,NA,NA,NA,NA,0,2,0,20250922
"51","4898",97,"1","9","9","S1I2","1","2","0","0","spring meadows","perimeter",NA,NA,NA,NA,NA,0,2,0,20250922
"52","4899",98,"1","9","10","S15I4","15","4","5","0","hw190 east","DV",NA,NA,NA,NA,NA,0,3,0,20250922
"53","4901",102,"1","10","3","S1I11","1","11","0","0","spring meadows","perimeter",NA,NA,NA,NA,NA,0,2,0,20250922
"54","4902",103,"1","10","4","S15I2","15","2","0","0","hw190 east","DV",NA,NA,NA,NA,NA,0,2,0,20250922
"55","4903",104,"1","10","5","S15I4","15","4","0","0","hw190 east","DV",NA,NA,NA,NA,NA,0,2,0,20250922
"56","4904",105,"1","10","6","S1I4","1","4","0","5","spring meadows","perimeter",NA,NA,NA,NA,NA,0,4,0,20250922
"57","4905",106,"1","10","7","S13I2","13","2","0","0","hw127","perimeter",NA,NA,NA,NA,NA,0,2,0,20250922
"58","4907",108,"1","10","9","S15I2","15","2","5","5","hw190 east","DV",NA,NA,NA,NA,NA,0,5,0,20250922
"59","4910",113,"1","11","3","S1I11","1","11","0","0","spring meadows","perimeter",NA,NA,NA,NA,NA,0,2,0,20250922
"60","4912",115,"1","11","5","S13I2","13","2","0","0","hw127","perimeter",NA,NA,NA,NA,NA,0,2,0,20250922
"61","4913",116,"1","11","6","S15I2","15","2","5","0","hw190 east","DV",NA,NA,NA,NA,NA,0,3,0,20250922
"62","4914",117,"1","11","7","S13I2","13","2","0","5","hw127","perimeter",NA,NA,NA,NA,NA,0,4,0,20250922
"63","4915",118,"1","11","8","S1I11","1","11","0","0","spring meadows","perimeter",NA,NA,NA,NA,NA,0,2,0,20250922
"64","4916",119,"1","11","9","S1I11","1","11","0","0","spring meadows","perimeter",NA,NA,NA,NA,NA,0,2,0,20250922
"65","4917",120,"1","11","10","S15I2","15","2","5","5","hw190 east","DV",NA,NA,NA,NA,NA,0,5,0,20250922
"66","4919",124,"1","12","3","S15I5","15","5","0","5","hw190 east","DV",NA,NA,NA,NA,NA,0,4,0,20250922
"67","4920",125,"1","12","4","S13I1","13","1","0","0","hw127","perimeter",NA,NA,NA,NA,NA,0,2,0,20250922
"68","4922",127,"1","12","6","S1I11","1","11","0","0","spring meadows","perimeter",NA,NA,NA,NA,NA,0,2,0,20250922
"69","4923",128,"1","12","7","S1I8","1","8","0","0","spring meadows","perimeter",NA,NA,NA,NA,NA,0,2,0,20250922
"70","4924",129,"1","12","8","S15I4","15","4","0","0","hw190 east","DV",NA,NA,NA,NA,NA,0,2,0,20250922
"71","4925",130,"1","12","9","S1I2","1","2","0","0","spring meadows","perimeter",NA,NA,NA,NA,NA,0,2,0,20250922
"72","4926",131,"1","12","10","S15I2","15","2","0","0","hw190 east","DV",NA,NA,NA,NA,NA,0,2,0,20250922
"73","4928",135,"1","13","3","S1I7","1","7","0","0","spring meadows","perimeter",NA,NA,NA,NA,NA,0,2,0,20250922
"74","4931",138,"1","13","6","S15I5","15","5","0","0","hw190 east","DV",NA,NA,NA,NA,NA,0,2,0,20250922
"75","4933",140,"1","13","8","S13I2","13","2","5","5","hw127","perimeter",NA,NA,NA,NA,NA,0,5,0,20250922
"76","4934",141,"1","13","9","S14I6","14","6","0","0","spring meadows","perimeter",NA,NA,NA,NA,NA,0,2,0,20250922
"77","4936",145,"1","14","2","S1I6","1","6","0","0","spring meadows","perimeter",NA,NA,NA,NA,NA,0,2,0,20250922
"78","4937",146,"1","14","3","S15I4","15","4","0","0","hw190 east","DV",NA,NA,NA,NA,NA,0,2,0,20250922
"79","4938",147,"1","14","4","S1I11","1","11","0","0","spring meadows","perimeter",NA,NA,NA,NA,NA,0,2,0,20250922
"80","4939",148,"1","14","5","S14I6","14","6","0","0","spring meadows","perimeter",NA,NA,NA,NA,NA,0,2,0,20250922
"81","4940",149,"1","14","6","S15I5","15","5","0","0","hw190 east","DV",NA,NA,NA,NA,NA,0,2,0,20250922
"82","4941",150,"1","14","7","S15I2","15","2","0","0","hw190 east","DV",NA,NA,NA,NA,NA,0,2,0,20250922
"83","4942",151,"1","14","8","S13I1","13","1","0","0","hw127","perimeter",NA,NA,NA,NA,NA,0,2,0,20250922
"84","4943",152,"1","14","9","S15I4","15","4","0","0","hw190 east","DV",NA,NA,NA,NA,NA,0,2,0,20250922
"85","4945",156,"1","15","2","S1I8","1","8","0","5","spring meadows","perimeter",NA,NA,NA,NA,NA,0,4,0,20250922
"86","4947",158,"1","15","4","S1I11","1","11","0","0","spring meadows","perimeter",NA,NA,NA,NA,NA,0,2,0,20250922
"87","4952",163,"1","15","9","S1I8","1","8","0","0","spring meadows","perimeter",NA,NA,NA,NA,NA,0,2,0,20250922
"88","4954",167,"1","16","2","S13I1","13","1","0","0","hw127","perimeter",NA,NA,NA,NA,NA,0,2,0,20250922
"89","4955",168,"1","16","3","S15I2","15","2","0","0","hw190 east","DV",NA,NA,NA,NA,NA,0,2,0,20250922
"90","4957",170,"1","16","5","S15I2","15","2","0","0","hw190 east","DV",NA,NA,NA,NA,NA,0,2,0,20250922
"91","4958",171,"1","16","6","S14I4","14","4","0","0","spring meadows","perimeter",NA,NA,NA,NA,NA,0,2,0,20250922
"92","4959",172,"1","16","7","S1I2","1","2","0","0","spring meadows","perimeter",NA,NA,NA,NA,NA,0,2,0,20250922
"93","4960",173,"1","16","8","S15I2","15","2","5","5","hw190 east","DV",NA,NA,NA,NA,NA,0,5,0,20250922
"94","4961",174,"1","16","9","S14I1","14","1","0","0","spring meadows","perimeter",NA,NA,NA,NA,NA,0,2,0,20250922
"95","4963",178,"1","17","2","S13I2","13","2","0","0","hw127","perimeter",NA,NA,NA,NA,NA,0,2,0,20250922
"96","4964",179,"1","17","3","S14I4","14","4","0","0","spring meadows","perimeter",NA,NA,NA,NA,NA,0,2,0,20250922
"97","4965",180,"1","17","4","S15I4","15","4","0","0","hw190 east","DV",NA,NA,NA,NA,NA,0,2,0,20250922
"98","4966",181,"1","17","5","S15I2","15","2","0","0","hw190 east","DV",NA,NA,NA,NA,NA,0,2,0,20250922
"99","4967",182,"1","17","6","S14I1","14","1","0","0","spring meadows","perimeter",NA,NA,NA,NA,NA,0,2,0,20250922
"100","4968",183,"1","17","7","S14I1","14","1","0","0","spring meadows","perimeter",NA,NA,NA,NA,NA,0,2,0,20250922
"101","4969",184,"1","17","8","S15I4","15","4","0","0","hw190 east","DV",NA,NA,NA,NA,NA,0,2,0,20250922
"102","4970",185,"1","17","9","S14I3","14","3","0","0","spring meadows","perimeter",NA,NA,NA,NA,NA,0,2,0,20250922
"103","4974",191,"1","18","4","S1I2","1","2","0","0","spring meadows","perimeter",NA,NA,NA,NA,NA,0,2,0,20250922
"104","4975",192,"1","18","5","S1I11","1","11","0","0","spring meadows","perimeter",NA,NA,NA,NA,NA,0,2,0,20250922
"105","4978",195,"1","18","8","S1I11","1","11","5","5","spring meadows","perimeter",NA,NA,NA,NA,NA,0,5,0,20250922
"106","4980",197,"1","18","10","S15I2","15","2","0","0","hw190 east","DV",NA,NA,NA,NA,NA,0,2,0,20250922
"107","4981",200,"1","19","2","S13I1","13","1","5","5","hw127","perimeter",NA,NA,NA,NA,NA,0,5,0,20250922
"108","4982",201,"1","19","3","S15I4","15","4","0","0","hw190 east","DV",NA,NA,NA,NA,NA,0,2,0,20250922
"109","4983",202,"1","19","4","S1I2","1","2","0","0","spring meadows","perimeter",NA,NA,NA,NA,NA,0,2,0,20250922
"110","4984",203,"1","19","5","S15I2","15","2","0","0","hw190 east","DV",NA,NA,NA,NA,NA,0,2,0,20250922
"111","4985",204,"1","19","6","S14I3","14","3","0","0","spring meadows","perimeter",NA,NA,NA,NA,NA,0,2,0,20250922
"112","4986",205,"1","19","7","S1I2","1","2","0","0","spring meadows","perimeter",NA,NA,NA,NA,NA,0,2,0,20250922
"113","4987",206,"1","19","8","S14I2","14","2","5","5","spring meadows","perimeter",NA,NA,NA,NA,NA,0,5,0,20250922
"114","4988",207,"1","19","9","S1I8","1","8","0","0","spring meadows","perimeter",NA,NA,NA,NA,NA,0,2,0,20250922
"115","4989",208,"1","19","10","S14I1","14","1","0","0","spring meadows","perimeter",NA,NA,NA,NA,NA,0,2,0,20250922
"116","4990",233,"2","2","2","S1I11","1","11","5","0","spring meadows","perimeter",NA,NA,NA,NA,NA,0,3,0,20250922
"117","4991",234,"2","2","3","S15I5","15","5","0","0","hw190 east","DV",NA,NA,NA,NA,NA,0,2,0,20250922
"118","4992",235,"2","2","4","S15I2","15","2","0","0","hw190 east","DV",NA,NA,NA,NA,NA,0,2,0,20250922
"119","4993",236,"2","2","5","S15I2","15","2","5","5","hw190 east","DV",NA,NA,NA,NA,NA,0,5,0,20250922
"120","4994",237,"2","2","6","S1I7","1","7","0","0","spring meadows","perimeter",NA,NA,NA,NA,NA,0,2,0,20250922
"121","4995",238,"2","2","7","S14I1","14","1","5","5","spring meadows","perimeter",NA,NA,NA,NA,NA,0,5,0,20250922
"122","4996",239,"2","2","8","S14I3","14","3","0","5","spring meadows","perimeter",NA,NA,NA,NA,NA,0,4,0,20250922
"123","4997",240,"2","2","9","S15I4","15","4","0","0","hw190 east","DV",NA,NA,NA,NA,NA,0,2,0,20250922
"124","5000",245,"2","3","3","S14I1","14","1","5","5","spring meadows","perimeter",NA,NA,NA,NA,NA,0,5,0,20250922
"125","5001",246,"2","3","4","S1I6","1","6","0","0","spring meadows","perimeter",NA,NA,NA,NA,NA,0,2,0,20250922
"126","5002",247,"2","3","5","S15I2","15","2","0","0","hw190 east","DV",NA,NA,NA,NA,NA,0,2,0,20250922
"127","5003",248,"2","3","6","S15I2","15","2","0","0","hw190 east","DV",NA,NA,NA,NA,NA,0,2,0,20250922
"128","5005",250,"2","3","8","S1I2","1","2","0","5","spring meadows","perimeter",NA,NA,NA,NA,NA,0,4,0,20250922
"129","5006",251,"2","3","9","S14I3","14","3","0","5","spring meadows","perimeter",NA,NA,NA,NA,NA,0,4,0,20250922
"130","5007",252,"2","3","10","S13I1","13","1","0","0","hw127","perimeter",NA,NA,NA,NA,NA,0,2,0,20250922
"131","5008",255,"2","4","2","S1I8","1","8","5","0","spring meadows","perimeter",NA,NA,NA,NA,NA,0,3,0,20250922
"132","5009",256,"2","4","3","S1I2","1","2","5","5","spring meadows","perimeter",NA,NA,NA,NA,NA,0,5,0,20250922
"133","5010",257,"2","4","4","S13I2","13","2","0","0","hw127","perimeter",NA,NA,NA,NA,NA,0,2,0,20250922
"134","5011",258,"2","4","5","S15I2","15","2","0","0","hw190 east","DV",NA,NA,NA,NA,NA,0,2,0,20250922
"135","5012",259,"2","4","6","S13I1","13","1","0","0","hw127","perimeter",NA,NA,NA,NA,NA,0,2,0,20250922
"136","5013",260,"2","4","7","S14I2","14","2","0","1","spring meadows","perimeter",13,NA,NA,NA,NA,0,3,0,20250922
"137","5014",261,"2","4","8","S1I6","1","6","0","0","spring meadows","perimeter",NA,NA,NA,NA,NA,0,2,0,20250922
"138","5015",262,"2","4","9","S13I1","13","1","0","0","hw127","perimeter",NA,NA,NA,NA,NA,0,2,0,20250922
"139","5016",263,"2","4","10","S1I2","1","2","0","0","spring meadows","perimeter",NA,NA,NA,NA,NA,0,2,0,20250922
"140","5017",266,"2","5","2","S1I11","1","11","0","0","spring meadows","perimeter",NA,NA,NA,NA,NA,0,2,0,20250922
"141","5021",270,"2","5","6","S1I2","1","2","5","5","spring meadows","perimeter",NA,NA,NA,NA,NA,0,5,0,20250922
"142","5022",271,"2","5","7","S15I2","15","2","0","0","hw190 east","DV",NA,NA,NA,NA,NA,0,2,0,20250922
"143","5023",272,"2","5","8","S14I2","14","2","0","0","spring meadows","perimeter",NA,NA,NA,NA,NA,0,2,0,20250922
"144","5025",274,"2","5","10","S1I2","1","2","0","0","spring meadows","perimeter",NA,NA,NA,NA,NA,0,2,0,20250922
"145","5026",277,"2","6","2","S15I5","15","5","0","5","hw190 east","DV",NA,NA,NA,NA,NA,0,4,0,20250922
"146","5027",278,"2","6","3","S15I4","15","4","5","5","hw190 east","DV",NA,NA,NA,NA,NA,0,5,0,20250922
"147","5028",279,"2","6","4","S1I11","1","11","0","0","spring meadows","perimeter",NA,NA,NA,NA,NA,0,2,0,20250922
"148","5029",280,"2","6","5","S15I4","15","4","0","0","hw190 east","DV",NA,NA,NA,NA,NA,0,2,0,20250922
"149","5030",281,"2","6","6","S15I5","15","5","0","0","hw190 east","DV",NA,NA,NA,NA,NA,0,2,0,20250922
"150","5031",282,"2","6","7","S15I5","15","5","0","0","hw190 east","DV",NA,NA,NA,NA,NA,0,2,0,20250922
"151","5032",283,"2","6","8","S1I11","1","11","0","0","spring meadows","perimeter",NA,NA,NA,NA,NA,0,2,0,20250922
"152","5033",284,"2","6","9","S1I5","1","5","0","0","spring meadows","perimeter",NA,NA,NA,NA,NA,0,2,0,20250922
"153","5034",285,"2","6","10","S13I2","13","2","0","0","hw127","perimeter",NA,NA,NA,NA,NA,0,2,0,20250922
"154","5037",290,"2","7","4","S1I4","1","4","0","0","spring meadows","perimeter",NA,NA,NA,NA,NA,0,2,0,20250922
"155","5039",292,"2","7","6","S1I7","1","7","0","0","spring meadows","perimeter",NA,NA,NA,NA,NA,0,2,0,20250922
"156","5041",294,"2","7","8","S1I11","1","11","0","0","spring meadows","perimeter",NA,NA,NA,NA,NA,0,2,0,20250922
"157","5042",295,"2","7","9","S1I11","1","11","5","5","spring meadows","perimeter",NA,NA,NA,NA,NA,0,5,0,20250922
"158","5044",299,"2","8","2","S1I7","1","7","5","5","spring meadows","perimeter",NA,NA,NA,NA,NA,0,5,0,20250922
"159","5046",301,"2","8","4","S14I3","14","3","0","0","spring meadows","perimeter",NA,NA,NA,NA,NA,0,2,0,20250922
"160","5047",302,"2","8","5","S14I1","14","1","0","0","spring meadows","perimeter",NA,NA,NA,NA,NA,0,2,0,20250922
"161","5048",303,"2","8","6","S14I3","14","3","0","0","spring meadows","perimeter",NA,NA,NA,NA,NA,0,2,0,20250922
"162","5049",304,"2","8","7","S13I2","13","2","0","0","hw127","perimeter",NA,NA,NA,NA,NA,0,2,0,20250922
"163","5050",305,"2","8","8","S15I2","15","2","5","0","hw190 east","DV",NA,NA,NA,NA,NA,0,3,0,20250922
"164","5051",306,"2","8","9","S1I2","1","2","0","0","spring meadows","perimeter",NA,NA,NA,NA,NA,0,2,0,20250922
"165","5053",310,"2","9","2","S1I2","1","2","0","0","spring meadows","perimeter",NA,NA,NA,NA,NA,0,2,0,20250922
"166","5054",311,"2","9","3","S1I4","1","4","5","5","spring meadows","perimeter",NA,NA,NA,NA,NA,0,5,0,20250922
"167","5055",312,"2","9","4","S15I5","15","5","0","0","hw190 east","DV",NA,NA,NA,NA,NA,0,2,0,20250922
"168","5056",313,"2","9","5","S15I5","15","5","0","0","hw190 east","DV",NA,NA,NA,NA,NA,0,2,0,20250922
"169","5057",314,"2","9","6","S1I11","1","11","0","0","spring meadows","perimeter",NA,NA,NA,NA,NA,0,2,0,20250922
"170","5058",315,"2","9","7","S13I2","13","2","0","0","hw127","perimeter",NA,NA,NA,NA,NA,0,2,0,20250922
"171","5059",316,"2","9","8","S14I2","14","2","5","0","spring meadows","perimeter",NA,NA,NA,NA,NA,0,3,0,20250922
"172","5060",317,"2","9","9","S1I11","1","11","0","0","spring meadows","perimeter",NA,NA,NA,NA,NA,0,2,0,20250922
"173","5061",318,"2","9","10","S15I4","15","4","0","0","hw190 east","DV",NA,NA,NA,NA,NA,0,2,0,20250922
"174","5062",321,"2","10","2","S1I8","1","8","5","5","spring meadows","perimeter",NA,NA,NA,NA,NA,0,5,0,20250922
"175","5065",324,"2","10","5","S15I5","15","5","5","5","hw190 east","DV",NA,NA,NA,NA,NA,0,5,0,20250922
"176","5066",325,"2","10","6","S13I2","13","2","0","0","hw127","perimeter",NA,NA,NA,NA,NA,0,2,0,20250922
"177","5070",329,"2","10","10","S15I2","15","2","0","0","hw190 east","DV",NA,NA,NA,NA,NA,0,2,0,20250922
"178","5071",332,"2","11","2","S13I1","13","1","5","5","hw127","perimeter",NA,NA,NA,NA,NA,0,5,0,20250922
"179","5072",333,"2","11","3","S1I2","1","2","5","0","spring meadows","perimeter",NA,NA,NA,NA,NA,0,3,0,20250922
"180","5073",334,"2","11","4","S14I1","14","1","5","5","spring meadows","perimeter",NA,NA,NA,NA,NA,0,5,0,20250922
"181","5074",335,"2","11","5","S15I5","15","5","0","0","hw190 east","DV",NA,NA,NA,NA,NA,0,2,0,20250922
"182","5075",336,"2","11","6","S14I3","14","3","0","0","spring meadows","perimeter",NA,NA,NA,NA,NA,0,2,0,20250922
"183","5076",337,"2","11","7","S14I4","14","4","0","0","spring meadows","perimeter",NA,NA,NA,NA,NA,0,2,0,20250922
"184","5077",338,"2","11","8","S15I5","15","5","0","0","hw190 east","DV",NA,NA,NA,NA,NA,0,2,0,20250922
"185","5078",339,"2","11","9","S13I2","13","2","5","5","hw127","perimeter",NA,NA,NA,NA,NA,0,5,0,20250922
"186","5079",340,"2","11","10","S15I2","15","2","5","0","hw190 east","DV",NA,NA,NA,NA,NA,0,3,0,20250922
"187","5080",343,"2","12","2","S14I3","14","3","0","0","spring meadows","perimeter",NA,NA,NA,NA,NA,0,2,0,20250922
"188","5081",344,"2","12","3","S15I2","15","2","0","5","hw190 east","DV",NA,NA,NA,NA,NA,0,4,0,20250922
"189","5084",347,"2","12","6","S1I8","1","8","0","0","spring meadows","perimeter",NA,NA,NA,NA,NA,0,2,0,20250922
"190","5086",349,"2","12","8","S14I2","14","2","0","0","spring meadows","perimeter",NA,NA,NA,NA,NA,0,2,0,20250922
"191","5088",351,"2","12","10","S1I5","1","5","0","0","spring meadows","perimeter",NA,NA,NA,NA,NA,0,2,0,20250922
"192","5089",354,"2","13","2","S1I2","1","2","5","5","spring meadows","perimeter",NA,NA,NA,NA,NA,0,5,0,20250922
"193","5092",357,"2","13","5","S14I1","14","1","0","0","spring meadows","perimeter",NA,NA,NA,NA,NA,0,2,0,20250922
"194","5094",359,"2","13","7","S1I4","1","4","0","0","spring meadows","perimeter",NA,NA,NA,NA,NA,0,2,0,20250922
"195","5095",360,"2","13","8","S1I8","1","8","0","0","spring meadows","perimeter",NA,NA,NA,NA,NA,0,2,0,20250922
"196","5096",361,"2","13","9","S1I11","1","11","0","0","spring meadows","perimeter",NA,NA,NA,NA,NA,0,2,0,20250922
"197","5098",365,"2","14","2","S13I2","13","2","0","0","hw127","perimeter",NA,NA,NA,NA,NA,0,2,0,20250922
"198","5099",366,"2","14","3","S15I2","15","2","0","0","hw190 east","DV",NA,NA,NA,NA,NA,0,2,0,20250922
"199","5100",367,"2","14","4","S15I4","15","4","0","0","hw190 east","DV",NA,NA,NA,NA,NA,0,2,0,20250922
"200","5101",368,"2","14","5","S14I1","14","1","0","0","spring meadows","perimeter",NA,NA,NA,NA,NA,0,2,0,20250922
"201","5103",370,"2","14","7","S14I3","14","3","0","0","spring meadows","perimeter",NA,NA,NA,NA,NA,0,2,0,20250922
"202","5104",371,"2","14","8","S13I1","13","1","0","0","hw127","perimeter",NA,NA,NA,NA,NA,0,2,0,20250922
"203","5105",372,"2","14","9","S15I5","15","5","5","5","hw190 east","DV",NA,NA,NA,NA,NA,0,5,0,20250922
"204","5107",376,"2","15","2","S15I2","15","2","5","5","hw190 east","DV",NA,NA,NA,NA,NA,0,5,0,20250922
"205","5110",379,"2","15","5","S15I2","15","2","5","5","hw190 east","DV",NA,NA,NA,NA,NA,0,5,0,20250922
"206","5111",380,"2","15","6","S13I1","13","1","0","0","hw127","perimeter",NA,NA,NA,NA,NA,0,2,0,20250922
"207","5112",381,"2","15","7","S1I4","1","4","5","0","spring meadows","perimeter",NA,NA,NA,NA,NA,0,3,0,20250922
"208","5113",382,"2","15","8","S14I4","14","4","0","0","spring meadows","perimeter",NA,NA,NA,NA,NA,0,2,0,20250922
"209","5114",383,"2","15","9","S13I2","13","2","0","0","hw127","perimeter",NA,NA,NA,NA,NA,0,2,0,20250922
"210","5115",384,"2","15","10","S1I8","1","8","0","0","spring meadows","perimeter",NA,NA,NA,NA,NA,0,2,0,20250922
"211","5118",389,"2","16","4","S14I2","14","2","0","5","spring meadows","perimeter",NA,NA,NA,NA,NA,0,4,0,20250922
"212","5119",390,"2","16","5","S1I8","1","8","0","0","spring meadows","perimeter",NA,NA,NA,NA,NA,0,2,0,20250922
"213","5120",391,"2","16","6","S15I2","15","2","0","0","hw190 east","DV",NA,NA,NA,NA,NA,0,2,0,20250922
"214","5121",392,"2","16","7","S15I4","15","4","0","0","hw190 east","DV",NA,NA,NA,NA,NA,0,2,0,20250922
"215","5122",393,"2","16","8","S15I5","15","5","0","0","hw190 east","DV",NA,NA,NA,NA,NA,0,2,0,20250922
"216","5123",394,"2","16","9","S15I5","15","5","0","5","hw190 east","DV",NA,NA,NA,NA,NA,0,4,0,20250922
"217","5124",395,"2","16","10","S14I1","14","1","0","0","spring meadows","perimeter",NA,NA,NA,NA,NA,0,2,0,20250922
"218","5127",400,"2","17","4","S15I2","15","2","5","5","hw190 east","DV",NA,NA,NA,NA,NA,0,5,0,20250922
"219","5128",401,"2","17","5","S13I2","13","2","5","5","hw127","perimeter",NA,NA,NA,NA,NA,0,5,0,20250922
"220","5129",402,"2","17","6","S14I6","14","6","0","0","spring meadows","perimeter",NA,NA,NA,NA,NA,0,2,0,20250922
"221","5130",403,"2","17","7","S1I2","1","2","0","0","spring meadows","perimeter",NA,NA,NA,NA,NA,0,2,0,20250922
"222","5131",404,"2","17","8","S1I11","1","11","0","0","spring meadows","perimeter",NA,NA,NA,NA,NA,0,2,0,20250922
"223","5132",405,"2","17","9","S1I11","1","11","5","0","spring meadows","perimeter",NA,NA,NA,NA,NA,0,3,0,20250922
"224","5135",410,"2","18","3","S13I1","13","1","5","0","hw127","perimeter",NA,NA,NA,NA,NA,0,3,0,20250922
"225","5136",411,"2","18","4","S15I2","15","2","5","5","hw190 east","DV",NA,NA,NA,NA,NA,0,5,0,20250922
"226","5138",413,"2","18","6","S13I1","13","1","5","5","hw127","perimeter",NA,NA,NA,NA,NA,0,5,0,20250922
"227","5139",414,"2","18","7","S13I2","13","2","5","5","hw127","perimeter",NA,NA,NA,NA,NA,0,5,0,20250922
"228","5141",416,"2","18","9","S14I5","14","5","0","0","spring meadows","perimeter",NA,NA,NA,NA,NA,0,2,0,20250922
"229","5143",420,"2","19","2","S1I11","1","11","0","0","spring meadows","perimeter",NA,NA,NA,NA,NA,0,2,0,20250922
"230","5144",421,"2","19","3","S14I3","14","3","0","0","spring meadows","perimeter",NA,NA,NA,NA,NA,0,2,0,20250922
"231","5145",422,"2","19","4","S1I2","1","2","0","0","spring meadows","perimeter",NA,NA,NA,NA,NA,0,2,0,20250922
"232","5147",424,"2","19","6","S1I11","1","11","0","0","spring meadows","perimeter",NA,NA,NA,NA,NA,0,2,0,20250922
"233","5148",425,"2","19","7","S13I2","13","2","0","0","hw127","perimeter",NA,NA,NA,NA,NA,0,2,0,20250922
"234","5149",426,"2","19","8","S1I11","1","11","0","0","spring meadows","perimeter",NA,NA,NA,NA,NA,0,2,0,20250922
"235","5151",428,"2","19","10","S1I11","1","11","0","0","spring meadows","perimeter",NA,NA,NA,NA,NA,0,2,0,20250922
