"cell","X","Y"
1,209.833,12.5
2,221.833,13.833
3,233.833,13.167
4,251.5,12.833
5,266.167,13.833
6,274.167,13.833
7,288.833,13.833
8,301.833,14.167
9,313.5,14.5
10,324.833,12.833
11,337.167,13.833
12,209.167,28.167
13,218.833,21.5
14,237.5,25.167
15,245.167,15.833
16,259.167,18.5
17,271.5,26.5
18,293.5,25.833
19,302.167,26.833
20,313.167,30.5
21,329.833,31.833
22,338.167,29.5
23,209.5,41.5
24,225.167,44.833
25,237.5,46.5
26,254.167,43.833
27,264.833,42.833
28,276.167,40.833
29,294.167,37.5
30,302.167,41.167
31,313.833,41.167
32,327.167,42.167
33,337.833,42.5
34,211.167,56.167
35,218.833,49.167
36,239.5,51.833
37,247.833,52.833
38,260.833,52.5
39,282.167,53.167
40,286.167,48.833
41,306.833,52.833
42,315.5,53.833
43,329.167,59.167
44,338.5,55.833
45,209.833,68.167
46,214.167,71.167
47,236.167,67.167
48,251.167,69.5
49,257.167,64.833
50,276.167,67.833
51,288.5,72.833
52,303.833,62.5
53,319.167,65.167
54,334.833,65.833
55,338.167,73.5
56,211.167,82.5
57,218.5,81.5
58,235.833,75.5
59,242.833,80.5
60,266.167,82.167
61,282.833,84.167
62,295.167,82.167
63,307.5,84.5
64,316.167,82.167
65,327.5,82.5
66,337.833,82.5
67,211.167,95.167
68,217.167,99.5
69,239.167,93.5
70,252.833,91.167
71,263.167,92.833
72,270.167,99.5
73,293.833,97.5
74,304.5,94.167
75,314.167,96.5
76,334.833,106.167
77,338.833,98.167
78,211.833,116.833
79,214.5,110.167
80,240.833,103.167
81,254.5,106.167
82,264.5,110.5
83,273.5,111.833
84,294.833,112.167
85,306.167,104.833
86,316.167,113.167
87,332.5,112.833
88,340.5,115.5
89,211.833,123.833
90,220.833,119.5
91,239.833,120.833
92,250.833,118.5
93,265.833,124.833
94,269.167,120.833
95,290.5,125.167
96,308.167,121.167
97,315.5,123.833
98,335.833,125.167
99,339.167,132.167
100,211.833,138.167
101,224.5,139.167
102,232.167,136.833
103,254.833,132.5
104,264.167,137.833
105,272.5,136.5
106,296.833,133.5
107,311.5,133.5
108,321.833,132.833
109,328.167,138.167
110,339.833,138.167
111,212.5,152.833
112,219.833,148.167
113,236.167,149.167
114,245.833,146.833
115,263.5,151.833
116,276.167,157.167
117,293.833,150.167
118,309.5,146.833
119,321.833,149.5
120,336.833,151.833
121,341.5,144.833
122,212.833,165.167
123,223.5,165.5
124,238.167,167.833
125,246.833,169.833
126,261.833,171.167
127,284.5,165.5
128,294.167,164.833
129,302.833,166.5
130,323.5,170.5
131,330.833,164.833
132,340.833,165.167
133,214.5,187.5
134,216.5,180.5
135,243.5,181.833
136,252.833,176.167
137,261.833,181.167
138,277.5,174.5
139,296.833,181.5
140,303.5,177.833
141,322.167,179.167
142,329.5,185.5
143,339.5,179.833
144,211.5,195.167
145,223.167,194.833
146,235.833,197.5
147,251.167,193.167
148,262.833,195.833
149,279.5,197.833
150,290.5,193.833
151,299.833,198.167
152,319.167,198.5
153,329.5,194.5
154,338.833,192.5
155,210.5,204.833
156,220.833,214.833
157,240.5,206.5
158,250.5,207.833
159,262.833,207.5
160,280.833,212.5
161,289.5,207.833
162,308.167,207.5
163,317.167,207.167
164,326.833,204.833
165,338.833,203.5
166,212.167,219.167
167,224.5,221.5
168,237.167,221.5
169,250.5,221.5
170,261.833,221.167
171,274.5,221.167
172,289.833,221.167
173,307.5,218.167
174,314.167,222.167
175,329.833,214.833
176,338.833,224.167
177,211.5,233.833
178,225.833,240.167
179,244.833,239.167
180,254.5,237.167
181,262.167,234.167
182,275.833,234.167
183,292.5,231.833
184,304.833,237.167
185,315.833,234.167
186,330.167,230.5
187,338.167,231.833
188,211.167,247.5
189,224.833,246.5
190,234.167,251.5
191,249.5,247.5
192,264.167,247.833
193,274.5,243.5
194,294.833,245.833
195,302.833,247.167
196,314.167,246.833
197,322.5,248.833
198,337.833,245.167
199,210.833,261.833
200,229.5,259.833
201,237.833,260.833
202,248.833,262.167
203,266.167,268.167
204,276.167,257.5
205,294.5,258.833
206,300.5,260.167
207,318.833,266.167
208,326.5,259.833
209,337.5,258.5
210,210.5,273.5
211,223.5,274.833
212,235.5,273.833
213,249.5,274.5
214,261.833,273.833
215,276.833,277.5
216,289.167,273.5
217,300.167,272.5
218,313.833,272.167
219,327.167,271.833
220,338.5,270.833
221,191.833,276.833
222,174.167,275.5
223,162.167,275.5
224,149.833,275.833
225,137.167,275.833
226,124.167,276.833
227,109.833,276.167
228,99.167,276.167
229,86.167,275.167
230,72.5,274.833
231,62.167,273.167
232,188.833,263.167
233,181.167,269.167
234,163.167,270.167
235,151.833,271.833
236,133.167,271.5
237,121.833,270.167
238,110.833,262.833
239,99.167,264.833
240,77.167,262.5
241,68.167,261.5
242,61.833,259.833
243,187.5,250.167
244,178.5,247.167
245,165.5,252.5
246,146.167,248.833
247,137.5,247.5
248,120.833,255.167
249,109.833,252.833
250,97.167,249.833
251,81.5,246.5
252,69.833,254.167
253,61.833,246.833
254,186.833,235.833
255,180.167,233.5
256,161.167,234.833
257,152.167,237.833
258,136.833,235.833
259,120.167,238.833
260,107.167,244.5
261,96.167,238.5
262,84.5,235.833
263,70.5,239.167
264,62.5,234.833
265,186.5,221.833
266,174.167,222.167
267,162.833,222.5
268,152.833,227.833
269,133.5,227.5
270,124.833,234.833
271,110.5,228.833
272,98.833,229.833
273,79.833,223.167
274,70.167,222.833
275,60.833,219.833
276,186.833,208.833
277,174.833,209.833
278,162.833,210.167
279,148.167,207.833
280,138.833,207.167
281,117.167,208.5
282,104.167,214.167
283,95.833,210.5
284,84.5,203.833
285,65.5,213.167
286,58.5,206.5
287,185.5,194.167
288,174.167,201.5
289,160.5,196.5
290,147.833,195.5
291,135.5,196.5
292,122.167,196.833
293,106.833,192.167
294,94.833,197.833
295,80.5,196.5
296,66.833,203.167
297,62.833,189.167
298,188.167,181.5
299,169.833,185.167
300,161.167,182.5
301,148.833,184.833
302,132.5,188.833
303,121.167,182.833
304,114.833,177.5
305,95.833,177.5
306,82.5,187.167
307,67.167,178.5
308,59.833,172.833
309,182.167,160.833
310,170.167,171.833
311,162.167,167.833
312,146.5,165.833
313,127.167,165.5
314,121.167,170.5
315,107.833,168.5
316,92.5,168.5
317,80.167,171.167
318,73.833,166.167
319,62.167,166.167
320,186.5,151.5
321,174.833,154.5
322,161.5,151.5
323,148.833,153.167
324,132.5,155.5
325,116.5,163.5
326,104.167,160.167
327,100.167,151.5
328,87.833,151.167
329,67.833,158.167
330,60.833,153.5
331,181.833,131.5
332,178.5,147.833
333,159.833,140.5
334,148.5,140.167
335,131.833,143.167
336,116.833,136.833
337,107.833,139.833
338,93.5,142.167
339,79.167,139.5
340,70.833,139.167
341,59.833,137.833
342,187.167,124.167
343,172.167,124.167
344,162.833,124.5
345,147.167,132.167
346,135.167,132.833
347,115.833,124.5
348,108.5,127.5
349,94.833,126.5
350,82.833,126.167
351,71.5,125.833
352,59.167,123.167
353,186.833,112.5
354,178.833,118.167
355,160.833,113.167
356,145.167,113.833
357,130.5,112.167
358,120.167,116.5
359,101.167,112.833
360,93.833,114.5
361,82.5,112.5
362,70.167,112.833
363,57.5,114.167
364,186.833,98.167
365,174.833,98.833
366,161.5,101.5
367,148.167,99.5
368,138.5,96.833
369,121.833,98.833
370,104.833,99.5
371,94.5,98.5
372,81.5,99.167
373,63.833,101.833
374,58.167,95.167
375,186.5,82.833
376,174.833,84.833
377,158.5,77.167
378,143.5,84.167
379,131.833,85.167
380,120.5,86.167
381,103.167,88.833
382,93.833,85.833
383,78.833,84.833
384,70.5,86.833
385,57.5,85.167
386,186.167,69.833
387,172.5,70.833
388,160.167,67.167
389,148.5,70.5
390,138.167,70.167
391,121.833,68.5
392,104.167,73.5
393,96.5,70.5
394,78.5,74.167
395,71.167,68.167
396,58.833,72.5
397,186.167,57.167
398,175.833,57.167
399,161.5,57.5
400,149.5,55.833
401,130.833,56.833
402,119.5,56.5
403,106.167,57.167
404,95.833,56.167
405,82.5,56.833
406,67.167,59.833
407,59.833,57.833
408,187.833,41.833
409,173.5,42.833
410,160.5,42.833
411,147.5,40.167
412,125.167,48.5
413,119.833,43.5
414,106.5,44.167
415,97.5,44.5
416,82.5,45.5
417,72.833,45.833
418,61.5,44.833
419,186.833,32.167
420,174.833,31.167
421,159.5,29.5
422,151.5,28.833
423,132.833,29.5
424,119.5,29.5
425,107.5,29.833
426,95.167,30.167
427,84.5,27.167
428,70.5,30.833
429,58.167,31.5
430,187.833,15.5
431,174.167,17.167
432,161.167,15.5
433,147.5,16.5
434,133.167,17.167
435,121.167,16.833
436,108.833,17.167
437,94.833,15.833
438,84.167,16.5
439,70.167,18.167
440,60.167,16.833
