"record","cell","area_mean_3"
"Record_2025-04-16_10-38-00",1,56.2034615384615
"Record_2025-04-16_10-38-00",2,51.0993333333333
"Record_2025-04-16_10-38-00",3,50.396
"Record_2025-04-16_10-38-00",4,50.2753846153846
"Record_2025-04-16_10-38-00",5,50.7753333333333
"Record_2025-04-16_10-38-00",6,49.7236666666667
"Record_2025-04-16_10-38-00",7,49.8766666666667
"Record_2025-04-16_10-38-00",8,51.329
"Record_2025-04-16_10-38-00",9,51.4986206896552
"Record_2025-04-16_10-38-00",10,54.368
"Record_2025-04-16_10-38-00",11,56.7973333333333
"Record_2025-04-16_10-38-00",12,50.331
"Record_2025-04-16_10-38-00",13,48.8838461538462
"Record_2025-04-16_10-38-00",14,47.13
"Record_2025-04-16_10-38-00",15,48.8773333333333
"Record_2025-04-16_10-38-00",16,48.4323076923077
"Record_2025-04-16_10-38-00",17,47.8731034482759
"Record_2025-04-16_10-38-00",18,48.0842307692308
"Record_2025-04-16_10-38-00",19,47.588
"Record_2025-04-16_10-38-00",20,48.455
"Record_2025-04-16_10-38-00",21,49.7616666666667
"Record_2025-04-16_10-38-00",22,50.6519230769231
"Record_2025-04-16_10-38-00",23,49.2441379310345
"Record_2025-04-16_10-38-00",24,46.9896666666667
"Record_2025-04-16_10-38-00",25,46.8855172413793
"Record_2025-04-16_10-38-00",26,47.5023333333333
"Record_2025-04-16_10-38-00",27,47.3686666666667
"Record_2025-04-16_10-38-00",28,44.599
"Record_2025-04-16_10-38-00",29,48.5734615384615
"Record_2025-04-16_10-38-00",30,45.5826666666667
"Record_2025-04-16_10-38-00",31,46.302
"Record_2025-04-16_10-38-00",32,47.518
"Record_2025-04-16_10-38-00",33,50.8603846153846
"Record_2025-04-16_10-38-00",34,47.6546666666667
"Record_2025-04-16_10-38-00",35,47.782
"Record_2025-04-16_10-38-00",36,47.6215384615385
"Record_2025-04-16_10-38-00",37,44.8063333333333
"Record_2025-04-16_10-38-00",38,44.8446153846154
"Record_2025-04-16_10-38-00",39,47.237
"Record_2025-04-16_10-38-00",40,48.24
"Record_2025-04-16_10-38-00",41,48.513
"Record_2025-04-16_10-38-00",42,45.7576923076923
"Record_2025-04-16_10-38-00",43,47.99
"Record_2025-04-16_10-38-00",44,49.2626923076923
"Record_2025-04-16_10-38-00",45,48.6116666666667
"Record_2025-04-16_10-38-00",46,47.749
"Record_2025-04-16_10-38-00",47,44.9466666666667
"Record_2025-04-16_10-38-00",48,45.9403846153846
"Record_2025-04-16_10-38-00",49,47.513
"Record_2025-04-16_10-38-00",50,44.575
"Record_2025-04-16_10-38-00",51,47.58
"Record_2025-04-16_10-38-00",52,47.7507692307692
"Record_2025-04-16_10-38-00",53,47.374
"Record_2025-04-16_10-38-00",54,48.528
"Record_2025-04-16_10-38-00",55,50.1203846153846
"Record_2025-04-16_10-38-00",56,47.0038461538462
"Record_2025-04-16_10-38-00",57,47.2737931034483
"Record_2025-04-16_10-38-00",58,47.0615384615385
"Record_2025-04-16_10-38-00",59,48.2546153846154
"Record_2025-04-16_10-38-00",60,46.8016666666667
"Record_2025-04-16_10-38-00",61,47.3166666666667
"Record_2025-04-16_10-38-00",62,46.8836666666667
"Record_2025-04-16_10-38-00",63,46.6289655172414
"Record_2025-04-16_10-38-00",64,46.835
"Record_2025-04-16_10-38-00",65,45.4444827586207
"Record_2025-04-16_10-38-00",66,49.6657692307692
"Record_2025-04-16_10-38-00",67,46.14
"Record_2025-04-16_10-38-00",68,47.8038461538462
"Record_2025-04-16_10-38-00",69,47.7007692307692
"Record_2025-04-16_10-38-00",70,47.247
"Record_2025-04-16_10-38-00",71,45.788
"Record_2025-04-16_10-38-00",72,47.6676923076923
"Record_2025-04-16_10-38-00",73,45.0761538461538
"Record_2025-04-16_10-38-00",74,45.6573076923077
"Record_2025-04-16_10-38-00",75,46.2934615384615
"Record_2025-04-16_10-38-00",76,48.6273333333333
"Record_2025-04-16_10-38-00",77,48.5733333333333
"Record_2025-04-16_10-38-00",78,49.193
"Record_2025-04-16_10-38-00",79,47.0773076923077
"Record_2025-04-16_10-38-00",80,46.8566666666667
"Record_2025-04-16_10-38-00",81,46.8246153846154
"Record_2025-04-16_10-38-00",82,42.5993103448276
"Record_2025-04-16_10-38-00",83,46.2953846153846
"Record_2025-04-16_10-38-00",84,46.608
"Record_2025-04-16_10-38-00",85,46.337
"Record_2025-04-16_10-38-00",86,46.152
"Record_2025-04-16_10-38-00",87,49.805
"Record_2025-04-16_10-38-00",88,52.3244827586207
"Record_2025-04-16_10-38-00",89,45.2233333333333
"Record_2025-04-16_10-38-00",90,47.5361538461538
"Record_2025-04-16_10-38-00",91,47.878
"Record_2025-04-16_10-38-00",92,47.4834615384615
"Record_2025-04-16_10-38-00",93,46.267
"Record_2025-04-16_10-38-00",94,47.4766666666667
"Record_2025-04-16_10-38-00",95,46.665
"Record_2025-04-16_10-38-00",96,46.1183333333333
"Record_2025-04-16_10-38-00",97,43.2688461538462
"Record_2025-04-16_10-38-00",98,48.445
"Record_2025-04-16_10-38-00",99,51.831
"Record_2025-04-16_10-38-00",100,44.743
"Record_2025-04-16_10-38-00",101,43.3546153846154
"Record_2025-04-16_10-38-00",102,47.4366666666667
"Record_2025-04-16_10-38-00",103,47.6442307692308
"Record_2025-04-16_10-38-00",104,42.5593333333333
"Record_2025-04-16_10-38-00",105,46.62
"Record_2025-04-16_10-38-00",106,47.1815384615385
"Record_2025-04-16_10-38-00",107,47.2748275862069
"Record_2025-04-16_10-38-00",108,47.1853333333333
"Record_2025-04-16_10-38-00",109,44.704
"Record_2025-04-16_10-38-00",110,50.4006666666667
"Record_2025-04-16_10-38-00",111,44.5669230769231
"Record_2025-04-16_10-38-00",112,47.2636666666667
"Record_2025-04-16_10-38-00",113,47.1053333333333
"Record_2025-04-16_10-38-00",114,47.1126666666667
"Record_2025-04-16_10-38-00",115,46.0326923076923
"Record_2025-04-16_10-38-00",116,46.5783333333333
"Record_2025-04-16_10-38-00",117,45.686
"Record_2025-04-16_10-38-00",118,46.5703846153846
"Record_2025-04-16_10-38-00",119,46.6646153846154
"Record_2025-04-16_10-38-00",120,48.4283333333333
"Record_2025-04-16_10-38-00",121,53.6726923076923
"Record_2025-04-16_10-38-00",122,45.6883333333333
"Record_2025-04-16_10-38-00",123,45.1944827586207
"Record_2025-04-16_10-38-00",124,45.7006666666667
"Record_2025-04-16_10-38-00",125,45.6656666666667
"Record_2025-04-16_10-38-00",126,46.5666666666667
"Record_2025-04-16_10-38-00",127,46.2824137931035
"Record_2025-04-16_10-38-00",128,44.8606666666667
"Record_2025-04-16_10-38-00",129,43.3138461538462
"Record_2025-04-16_10-38-00",130,47.2148275862069
"Record_2025-04-16_10-38-00",131,46.201
"Record_2025-04-16_10-38-00",132,51.8556666666667
"Record_2025-04-16_10-38-00",133,49.4762068965517
"Record_2025-04-16_10-38-00",134,46.6703448275862
"Record_2025-04-16_10-38-00",135,46.8134615384615
"Record_2025-04-16_10-38-00",136,45.607
"Record_2025-04-16_10-38-00",137,43.147
"Record_2025-04-16_10-38-00",138,45.62
"Record_2025-04-16_10-38-00",139,45.9965384615385
"Record_2025-04-16_10-38-00",140,43.6830769230769
"Record_2025-04-16_10-38-00",141,46.9496666666667
"Record_2025-04-16_10-38-00",142,46.9993103448276
"Record_2025-04-16_10-38-00",143,50.1026923076923
"Record_2025-04-16_10-38-00",144,45.7057692307692
"Record_2025-04-16_10-38-00",145,44.3823333333333
"Record_2025-04-16_10-38-00",146,45.7407692307692
"Record_2025-04-16_10-38-00",147,44.6983333333333
"Record_2025-04-16_10-38-00",148,43.2686666666667
"Record_2025-04-16_10-38-00",149,45.8911538461538
"Record_2025-04-16_10-38-00",150,43.3876923076923
"Record_2025-04-16_10-38-00",151,45.8403333333333
"Record_2025-04-16_10-38-00",152,46.9223076923077
"Record_2025-04-16_10-38-00",153,46.3589655172414
"Record_2025-04-16_10-38-00",154,49.3607692307692
"Record_2025-04-16_10-38-00",155,48.4046153846154
"Record_2025-04-16_10-38-00",156,46.8926666666667
"Record_2025-04-16_10-38-00",157,46.0379310344828
"Record_2025-04-16_10-38-00",158,44.5423076923077
"Record_2025-04-16_10-38-00",159,44.8176923076923
"Record_2025-04-16_10-38-00",160,47.1711538461538
"Record_2025-04-16_10-38-00",161,43.8123076923077
"Record_2025-04-16_10-38-00",162,45.8365384615385
"Record_2025-04-16_10-38-00",163,45.485
"Record_2025-04-16_10-38-00",164,45.277
"Record_2025-04-16_10-38-00",165,50.5865384615385
"Record_2025-04-16_10-38-00",166,47.0063333333333
"Record_2025-04-16_10-38-00",167,45.05
"Record_2025-04-16_10-38-00",168,43.97
"Record_2025-04-16_10-38-00",169,45.0855172413793
"Record_2025-04-16_10-38-00",170,46.0866666666667
"Record_2025-04-16_10-38-00",171,46.0376923076923
"Record_2025-04-16_10-38-00",172,44.2173333333333
"Record_2025-04-16_10-38-00",173,47.0488461538462
"Record_2025-04-16_10-38-00",174,45.6083333333333
"Record_2025-04-16_10-38-00",175,47.9083333333333
"Record_2025-04-16_10-38-00",176,53.563
"Record_2025-04-16_10-38-00",177,47.0896153846154
"Record_2025-04-16_10-38-00",178,47.0643333333333
"Record_2025-04-16_10-38-00",179,46.5343333333333
"Record_2025-04-16_10-38-00",180,46.3503846153846
"Record_2025-04-16_10-38-00",181,45.6026666666667
"Record_2025-04-16_10-38-00",182,44.2686666666667
"Record_2025-04-16_10-38-00",183,45.4130769230769
"Record_2025-04-16_10-38-00",184,47.4213333333333
"Record_2025-04-16_10-38-00",185,48.382
"Record_2025-04-16_10-38-00",186,46.9096153846154
"Record_2025-04-16_10-38-00",187,49.2896666666667
"Record_2025-04-16_10-38-00",188,47.0834615384615
"Record_2025-04-16_10-38-00",189,45.0411538461538
"Record_2025-04-16_10-38-00",190,47.9234615384615
"Record_2025-04-16_10-38-00",191,45.8593103448276
"Record_2025-04-16_10-38-00",192,45.549
"Record_2025-04-16_10-38-00",193,46.1375862068966
"Record_2025-04-16_10-38-00",194,46.9073333333333
"Record_2025-04-16_10-38-00",195,45.4436666666667
"Record_2025-04-16_10-38-00",196,44.6813333333333
"Record_2025-04-16_10-38-00",197,46.8542307692308
"Record_2025-04-16_10-38-00",198,48.7656666666667
"Record_2025-04-16_10-38-00",199,50.4333333333333
"Record_2025-04-16_10-38-00",200,47.8542307692308
"Record_2025-04-16_10-38-00",201,47.4253333333333
"Record_2025-04-16_10-38-00",202,47.888
"Record_2025-04-16_10-38-00",203,47.4996666666667
"Record_2025-04-16_10-38-00",204,46.0746153846154
"Record_2025-04-16_10-38-00",205,47.3684615384615
"Record_2025-04-16_10-38-00",206,47.4519230769231
"Record_2025-04-16_10-38-00",207,48.488
"Record_2025-04-16_10-38-00",208,47.7092307692308
"Record_2025-04-16_10-38-00",209,50.9537931034483
"Record_2025-04-16_10-38-00",210,51.7537931034483
"Record_2025-04-16_10-38-00",211,50.4965384615385
"Record_2025-04-16_10-38-00",212,50.17
"Record_2025-04-16_10-38-00",213,49.4268965517241
"Record_2025-04-16_10-38-00",214,47.801
"Record_2025-04-16_10-38-00",215,52.865
"Record_2025-04-16_10-38-00",216,49.1361538461538
"Record_2025-04-16_10-38-00",217,49.5996153846154
"Record_2025-04-16_10-38-00",218,49.8143333333333
"Record_2025-04-16_10-38-00",219,52.282
"Record_2025-04-16_10-38-00",220,54.2207692307692
"Record_2025-04-16_10-38-00",221,56.92
"Record_2025-04-16_10-38-00",222,50.0430769230769
"Record_2025-04-16_10-38-00",223,48.2611538461538
"Record_2025-04-16_10-38-00",224,47.8966666666667
"Record_2025-04-16_10-38-00",225,47.4683333333333
"Record_2025-04-16_10-38-00",226,53.989
"Record_2025-04-16_10-38-00",227,50.1703333333333
"Record_2025-04-16_10-38-00",228,50.0983333333333
"Record_2025-04-16_10-38-00",229,51.1433333333333
"Record_2025-04-16_10-38-00",230,53.6926923076923
"Record_2025-04-16_10-38-00",231,53.9636666666667
"Record_2025-04-16_10-38-00",232,50.005
"Record_2025-04-16_10-38-00",233,49.1796666666667
"Record_2025-04-16_10-38-00",234,46.9853333333333
"Record_2025-04-16_10-38-00",235,47.5593333333333
"Record_2025-04-16_10-38-00",236,47.1415384615385
"Record_2025-04-16_10-38-00",237,47.9646666666667
"Record_2025-04-16_10-38-00",238,45.4313333333333
"Record_2025-04-16_10-38-00",239,47.278
"Record_2025-04-16_10-38-00",240,47.9642307692308
"Record_2025-04-16_10-38-00",241,51.8553846153846
"Record_2025-04-16_10-38-00",242,51.6086666666667
"Record_2025-04-16_10-38-00",243,49.69
"Record_2025-04-16_10-38-00",244,46.875
"Record_2025-04-16_10-38-00",245,45.7651724137931
"Record_2025-04-16_10-38-00",246,45.9373333333333
"Record_2025-04-16_10-38-00",247,45.881724137931
"Record_2025-04-16_10-38-00",248,46.194
"Record_2025-04-16_10-38-00",249,46.728
"Record_2025-04-16_10-38-00",250,44.4936666666667
"Record_2025-04-16_10-38-00",251,46.1003448275862
"Record_2025-04-16_10-38-00",252,48.7383333333333
"Record_2025-04-16_10-38-00",253,49.8793333333333
"Record_2025-04-16_10-38-00",254,46.931
"Record_2025-04-16_10-38-00",255,47.71
"Record_2025-04-16_10-38-00",256,45.619
"Record_2025-04-16_10-38-00",257,45.7513333333333
"Record_2025-04-16_10-38-00",258,43.4693333333333
"Record_2025-04-16_10-38-00",259,45.1346666666667
"Record_2025-04-16_10-38-00",260,47.76
"Record_2025-04-16_10-38-00",261,45.5096153846154
"Record_2025-04-16_10-38-00",262,44.2538461538462
"Record_2025-04-16_10-38-00",263,47.5846153846154
"Record_2025-04-16_10-38-00",264,48.9092307692308
"Record_2025-04-16_10-38-00",265,46.5680769230769
"Record_2025-04-16_10-38-00",266,44.9743333333333
"Record_2025-04-16_10-38-00",267,44.0226923076923
"Record_2025-04-16_10-38-00",268,45.9953333333333
"Record_2025-04-16_10-38-00",269,45.7665517241379
"Record_2025-04-16_10-38-00",270,44.538
"Record_2025-04-16_10-38-00",271,45.1919230769231
"Record_2025-04-16_10-38-00",272,46.787
"Record_2025-04-16_10-38-00",273,46.928
"Record_2025-04-16_10-38-00",274,48.9063333333333
"Record_2025-04-16_10-38-00",275,49.238
"Record_2025-04-16_10-38-00",276,46.7703333333333
"Record_2025-04-16_10-38-00",277,45.6933333333333
"Record_2025-04-16_10-38-00",278,44.88
"Record_2025-04-16_10-38-00",279,44.1443333333333
"Record_2025-04-16_10-38-00",280,46.6116666666667
"Record_2025-04-16_10-38-00",281,45.4665384615385
"Record_2025-04-16_10-38-00",282,46.394
"Record_2025-04-16_10-38-00",283,43.3723076923077
"Record_2025-04-16_10-38-00",284,45.62
"Record_2025-04-16_10-38-00",285,48.0138461538462
"Record_2025-04-16_10-38-00",286,50.9889655172414
"Record_2025-04-16_10-38-00",287,46.9438461538462
"Record_2025-04-16_10-38-00",288,47.2246153846154
"Record_2025-04-16_10-38-00",289,45.3713793103448
"Record_2025-04-16_10-38-00",290,45.0030769230769
"Record_2025-04-16_10-38-00",291,44.6641379310345
"Record_2025-04-16_10-38-00",292,44.103
"Record_2025-04-16_10-38-00",293,46.0513333333333
"Record_2025-04-16_10-38-00",294,46.147
"Record_2025-04-16_10-38-00",295,46.0506896551724
"Record_2025-04-16_10-38-00",296,46.4703333333333
"Record_2025-04-16_10-38-00",297,49.3713333333333
"Record_2025-04-16_10-38-00",298,45.5676923076923
"Record_2025-04-16_10-38-00",299,47.2886666666667
"Record_2025-04-16_10-38-00",300,44.76
"Record_2025-04-16_10-38-00",301,45.9116666666667
"Record_2025-04-16_10-38-00",302,47.3915384615385
"Record_2025-04-16_10-38-00",303,43.8273333333333
"Record_2025-04-16_10-38-00",304,46.5107692307692
"Record_2025-04-16_10-38-00",305,45.4361538461538
"Record_2025-04-16_10-38-00",306,46.5738461538462
"Record_2025-04-16_10-38-00",307,47.0092307692308
"Record_2025-04-16_10-38-00",308,51.2066666666667
"Record_2025-04-16_10-38-00",309,49.0083333333333
"Record_2025-04-16_10-38-00",310,47.1686666666667
"Record_2025-04-16_10-38-00",311,44.3093333333333
"Record_2025-04-16_10-38-00",312,46.5061538461538
"Record_2025-04-16_10-38-00",313,47.0176923076923
"Record_2025-04-16_10-38-00",314,43.8996153846154
"Record_2025-04-16_10-38-00",315,43.5938461538462
"Record_2025-04-16_10-38-00",316,47.0768965517241
"Record_2025-04-16_10-38-00",317,46.085
"Record_2025-04-16_10-38-00",318,45.8166666666667
"Record_2025-04-16_10-38-00",319,48.7113333333333
"Record_2025-04-16_10-38-00",320,46.3872413793103
"Record_2025-04-16_10-38-00",321,44.8803846153846
"Record_2025-04-16_10-38-00",322,46.4303448275862
"Record_2025-04-16_10-38-00",323,45.2066666666667
"Record_2025-04-16_10-38-00",324,45.4168965517241
"Record_2025-04-16_10-38-00",325,47.3255172413793
"Record_2025-04-16_10-38-00",326,46.791
"Record_2025-04-16_10-38-00",327,46.325
"Record_2025-04-16_10-38-00",328,46.1563333333333
"Record_2025-04-16_10-38-00",329,47.363
"Record_2025-04-16_10-38-00",330,48.7707692307692
"Record_2025-04-16_10-38-00",331,48.5576923076923
"Record_2025-04-16_10-38-00",332,48.0038461538462
"Record_2025-04-16_10-38-00",333,46.0211538461538
"Record_2025-04-16_10-38-00",334,44.0826923076923
"Record_2025-04-16_10-38-00",335,46.825
"Record_2025-04-16_10-38-00",336,46.67
"Record_2025-04-16_10-38-00",337,44.6196666666667
"Record_2025-04-16_10-38-00",338,46.2223076923077
"Record_2025-04-16_10-38-00",339,46.7476923076923
"Record_2025-04-16_10-38-00",340,45.8393333333333
"Record_2025-04-16_10-38-00",341,50.7213333333333
"Record_2025-04-16_10-38-00",342,46.362
"Record_2025-04-16_10-38-00",343,46.2716666666667
"Record_2025-04-16_10-38-00",344,46.0488461538462
"Record_2025-04-16_10-38-00",345,47.1893333333333
"Record_2025-04-16_10-38-00",346,46.9133333333333
"Record_2025-04-16_10-38-00",347,46.1465384615385
"Record_2025-04-16_10-38-00",348,44.0037931034483
"Record_2025-04-16_10-38-00",349,44.8238461538462
"Record_2025-04-16_10-38-00",350,46.309
"Record_2025-04-16_10-38-00",351,46.845
"Record_2025-04-16_10-38-00",352,52.105
"Record_2025-04-16_10-38-00",353,46.1123076923077
"Record_2025-04-16_10-38-00",354,47.889
"Record_2025-04-16_10-38-00",355,45.013
"Record_2025-04-16_10-38-00",356,46.753
"Record_2025-04-16_10-38-00",357,46.5903846153846
"Record_2025-04-16_10-38-00",358,45.9130769230769
"Record_2025-04-16_10-38-00",359,46.4696666666667
"Record_2025-04-16_10-38-00",360,46.3692307692308
"Record_2025-04-16_10-38-00",361,45.8751724137931
"Record_2025-04-16_10-38-00",362,46.572
"Record_2025-04-16_10-38-00",363,53.7807692307692
"Record_2025-04-16_10-38-00",364,46.1926666666667
"Record_2025-04-16_10-38-00",365,45.5306666666667
"Record_2025-04-16_10-38-00",366,47.1851724137931
"Record_2025-04-16_10-38-00",367,45.3661538461538
"Record_2025-04-16_10-38-00",368,47.6330769230769
"Record_2025-04-16_10-38-00",369,44.1183333333333
"Record_2025-04-16_10-38-00",370,46.6161538461538
"Record_2025-04-16_10-38-00",371,45.2255172413793
"Record_2025-04-16_10-38-00",372,46.9696153846154
"Record_2025-04-16_10-38-00",373,48.5543333333333
"Record_2025-04-16_10-38-00",374,53.728
"Record_2025-04-16_10-38-00",375,46.6065384615385
"Record_2025-04-16_10-38-00",376,45.4223333333333
"Record_2025-04-16_10-38-00",377,47.9457692307692
"Record_2025-04-16_10-38-00",378,47.4426923076923
"Record_2025-04-16_10-38-00",379,46.4756666666667
"Record_2025-04-16_10-38-00",380,44.6569230769231
"Record_2025-04-16_10-38-00",381,47.3356666666667
"Record_2025-04-16_10-38-00",382,46.9706666666667
"Record_2025-04-16_10-38-00",383,47.1446666666667
"Record_2025-04-16_10-38-00",384,46.9373076923077
"Record_2025-04-16_10-38-00",385,53.8430769230769
"Record_2025-04-16_10-38-00",386,47.007
"Record_2025-04-16_10-38-00",387,45.8746153846154
"Record_2025-04-16_10-38-00",388,47.8873333333333
"Record_2025-04-16_10-38-00",389,45.9913793103448
"Record_2025-04-16_10-38-00",390,47.224
"Record_2025-04-16_10-38-00",391,46.7615384615385
"Record_2025-04-16_10-38-00",392,46.6373076923077
"Record_2025-04-16_10-38-00",393,46.678275862069
"Record_2025-04-16_10-38-00",394,47.625
"Record_2025-04-16_10-38-00",395,46.6476666666667
"Record_2025-04-16_10-38-00",396,51.2388461538462
"Record_2025-04-16_10-38-00",397,47.831
"Record_2025-04-16_10-38-00",398,47.05
"Record_2025-04-16_10-38-00",399,45.7493103448276
"Record_2025-04-16_10-38-00",400,46.4546153846154
"Record_2025-04-16_10-38-00",401,47.024
"Record_2025-04-16_10-38-00",402,46.1672413793103
"Record_2025-04-16_10-38-00",403,47.2996666666667
"Record_2025-04-16_10-38-00",404,46.6516666666667
"Record_2025-04-16_10-38-00",405,45.2530769230769
"Record_2025-04-16_10-38-00",406,48.6876666666667
"Record_2025-04-16_10-38-00",407,50.1923333333333
"Record_2025-04-16_10-38-00",408,49.5396666666667
"Record_2025-04-16_10-38-00",409,46.665
"Record_2025-04-16_10-38-00",410,46.1626923076923
"Record_2025-04-16_10-38-00",411,47.6203846153846
"Record_2025-04-16_10-38-00",412,49.7107692307692
"Record_2025-04-16_10-38-00",413,47.3126923076923
"Record_2025-04-16_10-38-00",414,47.6588461538462
"Record_2025-04-16_10-38-00",415,47.1496551724138
"Record_2025-04-16_10-38-00",416,48.0451724137931
"Record_2025-04-16_10-38-00",417,49.041
"Record_2025-04-16_10-38-00",418,51.3707692307692
"Record_2025-04-16_10-38-00",419,50.5783333333333
"Record_2025-04-16_10-38-00",420,47.852
"Record_2025-04-16_10-38-00",421,47.7593103448276
"Record_2025-04-16_10-38-00",422,48.1246153846154
"Record_2025-04-16_10-38-00",423,47.3126923076923
"Record_2025-04-16_10-38-00",424,47.9475862068966
"Record_2025-04-16_10-38-00",425,47.7307692307692
"Record_2025-04-16_10-38-00",426,47.3826666666667
"Record_2025-04-16_10-38-00",427,48.0269230769231
"Record_2025-04-16_10-38-00",428,49.5926923076923
"Record_2025-04-16_10-38-00",429,52.9019230769231
"Record_2025-04-16_10-38-00",430,50.9546153846154
"Record_2025-04-16_10-38-00",431,48.5353333333333
"Record_2025-04-16_10-38-00",432,49.5896153846154
"Record_2025-04-16_10-38-00",433,49.4693103448276
"Record_2025-04-16_10-38-00",434,50.5406666666667
"Record_2025-04-16_10-38-00",435,48.776
"Record_2025-04-16_10-38-00",436,50.237
"Record_2025-04-16_10-38-00",437,49.9946666666667
"Record_2025-04-16_10-38-00",438,51.2965384615385
"Record_2025-04-16_10-38-00",439,52.297
"Record_2025-04-16_10-38-00",440,54.781
